CurrentDateTime,PlayerX,PlayerY,ColumnX,ColumnY,HitData
08-07-2024 10:26:48, -9.2048, 0.6221663, -6.7, -0.93, 0
08-07-2024 10:26:48, -9.2048, 0.6221663, -6.74, -0.93, 0
08-07-2024 10:26:48, -9.2048, 0.6221663, -6.78, -0.93, 0
08-07-2024 10:26:48, -9.2048, 0.6221663, -6.82, -0.93, 0
08-07-2024 10:26:48, -9.2048, 0.6221663, -6.86, -0.93, 0
08-07-2024 10:26:48, -9.2048, 0.6221663, -6.9, -0.93, 0
08-07-2024 10:26:48, -9.2048, 0.6221663, -6.94, -0.93, 0
08-07-2024 10:26:48, -9.2048, 0.6221663, -6.98, -0.93, 0
08-07-2024 10:26:48, -9.2048, 0.6221663, -7.02, -0.93, 0
08-07-2024 10:26:48, -9.2048, 0.6221663, -7.059999, -0.93, 0
08-07-2024 10:26:48, -9.2048, 0.6221663, -7.099999, -0.93, 0
08-07-2024 10:26:48, -9.2048, 0.6221663, -7.139999, -0.93, 0
08-07-2024 10:26:48, -9.2048, 0.6221663, -7.179999, -0.93, 0
08-07-2024 10:26:48, -9.2048, 0.6221663, -7.219999, -0.93, 0
08-07-2024 10:26:48, -9.2048, 0.6221663, -7.259999, -0.93, 0
08-07-2024 10:26:48, -9.2048, 0.6221663, -7.299999, -0.93, 0
08-07-2024 10:26:48, -9.2048, 0.6221663, -7.339999, -0.93, 0
08-07-2024 10:26:48, -9.2048, 0.6221663, -7.379999, -0.93, 0
08-07-2024 10:26:48, -9.2048, 0.6221663, -7.419999, -0.93, 0
08-07-2024 10:26:48, -9.2048, 0.6413276, -7.459999, -0.93, 0
08-07-2024 10:26:48, -9.2048, 0.6914403, -7.499999, -0.93, 0
08-07-2024 10:26:48, -9.2048, 0.7261189, -7.539999, -0.93, 0
08-07-2024 10:26:49, -9.2048, 0.9384582, -7.579999, -0.93, 0
08-07-2024 10:26:49, -9.2048, 1.046847, -7.619999, -0.93, 0
08-07-2024 10:26:49, -9.2048, 1.241244, -7.659999, -0.93, 0
08-07-2024 10:26:49, -9.2048, 1.514369, -7.699999, -0.93, 0
08-07-2024 10:26:49, -9.2048, 1.588711, -7.739999, -0.93, 0
08-07-2024 10:26:49, -9.2048, 1.714397, -7.779999, -0.93, 0
08-07-2024 10:26:49, -9.2048, 1.860032, -7.819999, -0.93, 0
08-07-2024 10:26:49, -9.2048, 1.899328, -7.859999, -0.93, 0
08-07-2024 10:26:49, -9.2048, 2.049286, -7.899999, -0.93, 0
08-07-2024 10:26:49, -9.2048, 2.120639, -7.939999, -0.93, 0
08-07-2024 10:26:49, -9.2048, 2.267452, -7.979999, -0.93, 0
08-07-2024 10:26:49, -9.2048, 2.49516, -8.019999, -0.93, 0
08-07-2024 10:26:49, -9.2048, 2.586102, -8.059999, -0.93, 0
08-07-2024 10:26:49, -9.2048, 2.750389, -8.099998, -0.93, 0
08-07-2024 10:26:49, -9.2048, 2.902844, -8.139998, -0.93, 0
08-07-2024 10:26:49, -9.2048, 3.088231, -8.179998, -0.93, 0
08-07-2024 10:26:49, -9.2048, 3.124613, -8.219998, -0.93, 0
08-07-2024 10:26:49, -9.2048, 3.164896, -8.259998, -0.93, 0
08-07-2024 10:26:49, -9.2048, 3.16102, -8.299998, -0.93, 0
08-07-2024 10:26:49, -9.2048, 3.16102, -8.339998, -0.93, 0
08-07-2024 10:26:49, -9.2048, 3.144746, -8.379998, -0.93, 0
08-07-2024 10:26:49, -9.2048, 3.144746, -8.419998, -0.93, 0
08-07-2024 10:26:49, -9.2048, 3.128494, -8.459998, -0.93, 0
08-07-2024 10:26:49, -9.2048, 3.128494, -8.499998, -0.93, 0
08-07-2024 10:26:49, -9.2048, 3.112259, -8.539998, -0.93, 0
08-07-2024 10:26:49, -9.2048, 3.092116, -8.579998, -0.93, 0
08-07-2024 10:26:49, -9.2048, 3.039562, -8.619998, -0.93, 0
08-07-2024 10:26:49, -9.2048, 2.987084, -8.659998, -0.93, 0
08-07-2024 10:26:49, -9.2048, 2.822137, -8.699998, -0.93, 0
08-07-2024 10:26:49, -9.2048, 2.75385, -8.739998, -0.93, 0
08-07-2024 10:26:49, -9.2048, 2.573702, -8.779998, -0.93, 0
08-07-2024 10:26:49, -9.2048, 2.414176, -8.819998, -0.93, 0
08-07-2024 10:26:49, -9.2048, 2.203739, -8.859998, -0.93, 0
08-07-2024 10:26:49, -9.2048, 1.868205, -8.899998, -0.93, 0
08-07-2024 10:26:49, -9.2048, 1.762111, -8.939998, -0.93, 0
08-07-2024 10:26:49, -9.2048, 1.414503, -8.979998, -0.93, 0
08-07-2024 10:26:49, -9.2048, 1.309496, -9.019998, -0.93, 0
08-07-2024 10:26:49, -9.2048, 1.100232, -9.059998, -0.93, 0
08-07-2024 10:26:49, -9.2048, 0.7925819, -9.099998, -0.93, 0
08-07-2024 10:26:49, -9.2048, 0.693514, -9.139997, -0.93, 0
08-07-2024 10:26:49, -9.2048, 0.5022259, -9.179997, -0.93, 0
08-07-2024 10:26:49, -9.2048, 0.3162452, -9.219997, -0.93, 0
08-07-2024 10:26:49, -9.2048, 0.1458775, -9.259997, -0.93, 0
08-07-2024 10:26:49, -9.2048, -0.01922813, -9.299997, -0.93, 0
08-07-2024 10:26:49, -9.2048, -0.1881589, -9.339997, -0.93, 0
08-07-2024 10:26:49, -9.2048, -0.404399, -9.379997, -0.93, 0
08-07-2024 10:26:49, -9.2048, -0.4858004, -9.419997, -0.93, 0
08-07-2024 10:26:49, -9.2048, -0.6337127, -9.459997, -0.93, 0
08-07-2024 10:26:49, -9.2048, -0.8473582, -9.499997, -0.93, 0
08-07-2024 10:26:49, -9.2048, -0.9324993, -9.539997, -0.93, 0
08-07-2024 10:26:49, -9.2048, -1.092692, -9.579997, -0.93, 0
08-07-2024 10:26:50, -9.2048, -1.24297, -9.619997, -0.93, 0
08-07-2024 10:26:50, -9.2048, -1.401727, -9.659997, -0.93, 0
08-07-2024 10:26:50, -9.2048, -1.532091, -9.699997, -0.93, 0
08-07-2024 10:26:50, -9.2048, -1.648234, -9.739997, -0.93, 0
08-07-2024 10:26:50, -9.2048, -1.805102, -9.779997, -0.93, 0
08-07-2024 10:26:50, -9.2048, -1.837378, -9.819997, -0.93, 0
08-07-2024 10:26:50, -9.2048, -1.901832, -9.859997, -0.93, 0
08-07-2024 10:26:50, -9.2048, -1.966171, -9.899997, -0.93, 0
08-07-2024 10:26:50, -9.2048, -1.966171, -9.939997, -0.93, 0
08-07-2024 10:26:50, -9.2048, -1.966171, -9.979997, -0.93, 0
08-07-2024 10:26:50, -9.2048, -1.966171, -10.02, -0.93, 0
08-07-2024 10:26:50, -9.2048, -1.966171, -10.06, -0.93, 0
08-07-2024 10:26:50, -9.2048, -1.966171, -10.1, -0.93, 0
08-07-2024 10:26:50, -9.2048, -1.966171, -10.14, -0.93, 0
08-07-2024 10:26:50, -9.2048, -1.966171, -10.18, -0.93, 0
08-07-2024 10:26:50, -9.2048, -1.966171, -10.22, -0.93, 0
08-07-2024 10:26:50, -9.2048, -1.966171, -10.26, -0.93, 0
08-07-2024 10:26:50, -9.2048, -1.966171, -10.3, -0.93, 0
08-07-2024 10:26:50, -9.2048, -1.966171, -10.34, -0.93, 0
08-07-2024 10:26:50, -9.2048, -1.966171, -10.38, -0.93, 0
08-07-2024 10:26:50, -9.2048, -1.966171, -10.42, -0.93, 0
08-07-2024 10:26:50, -9.2048, -1.966171, -10.46, -0.93, 0
08-07-2024 10:26:50, -9.2048, -1.966171, -10.5, -0.93, 0
08-07-2024 10:26:50, -9.2048, -1.966171, -10.54, -0.93, 0
08-07-2024 10:26:50, -9.2048, -1.966171, -10.58, -0.93, 0
08-07-2024 10:26:50, -9.2048, -1.966171, -10.62, -0.93, 0
08-07-2024 10:26:50, -9.2048, -1.966171, -10.66, -0.93, 0
08-07-2024 10:26:50, -9.2048, -1.966171, -10.7, -0.93, 0
08-07-2024 10:26:50, -9.2048, -1.966171, -10.74, -0.93, 0
08-07-2024 10:26:50, -9.2048, -1.966171, -10.78, -0.93, 0
08-07-2024 10:26:50, -9.2048, -1.966171, -10.82, -0.93, 0
08-07-2024 10:26:50, -9.2048, -1.966171, -10.86, -0.93, 0
08-07-2024 10:26:50, -9.2048, -1.966171, -10.9, -0.93, 0
08-07-2024 10:26:50, -9.2048, -1.952587, -10.94, -0.93, 0
08-07-2024 10:26:50, -9.2048, -1.952587, -10.98, -0.93, 0
08-07-2024 10:26:50, -9.2048, -1.952587, -11.02, -0.93, 0
08-07-2024 10:26:50, -9.2048, -1.952587, -11.06, -0.93, 0
08-07-2024 10:26:50, -9.2048, -1.952587, -11.1, -0.93, 0
08-07-2024 10:26:50, -9.2048, -1.952587, -11.14, -0.93, 0
08-07-2024 10:26:50, -9.2048, -1.952587, -11.18, -0.93, 0
08-07-2024 10:26:50, -9.2048, -1.952587, -11.22, -0.93, 0
08-07-2024 10:26:50, -9.2048, -1.952587, -11.26, -0.93, 0
08-07-2024 10:26:50, -9.2048, -1.952587, -11.3, -0.93, 0
08-07-2024 10:26:50, -9.2048, -1.952587, -11.34, -0.93, 0
08-07-2024 10:26:50, -9.2048, -1.952587, -11.38, -0.93, 0
08-07-2024 10:26:50, -9.2048, -1.952587, -11.42, -0.93, 0
08-07-2024 10:26:50, -9.2048, -1.952587, -11.46, -0.93, 0
08-07-2024 10:26:50, -9.2048, -1.952587, -11.5, -0.93, 0
08-07-2024 10:26:50, -9.2048, -1.952587, -11.54, -0.93, 0
08-07-2024 10:26:51, -9.2048, -1.952587, -11.58, -0.93, 0
08-07-2024 10:26:51, -9.2048, -1.952587, -11.62, -0.93, 0
08-07-2024 10:26:51, -9.2048, -1.952587, -11.66, -0.93, 0
08-07-2024 10:26:51, -9.2048, -1.952587, -11.7, -0.93, 0
08-07-2024 10:26:51, -9.2048, -1.952587, -11.74, -0.93, 0
08-07-2024 10:26:51, -9.2048, -1.952587, -11.77999, -0.93, 0
08-07-2024 10:26:51, -9.2048, -1.952587, -11.81999, -0.93, 0
08-07-2024 10:26:51, -9.2048, -1.952587, -11.85999, -0.93, 0
08-07-2024 10:26:51, -9.2048, -1.952587, -11.89999, -0.93, 0
08-07-2024 10:26:51, -9.2048, -1.952587, -11.93999, -0.93, 0
08-07-2024 10:26:51, -9.2048, -1.952587, -11.97999, -0.93, 0
08-07-2024 10:26:51, -9.2048, -1.952587, -12.01999, -0.93, 0
08-07-2024 10:26:51, -9.2048, -1.952587, -12.05999, -0.93, 0
08-07-2024 10:26:51, -9.2048, -1.952587, -12.09999, -0.93, 0
08-07-2024 10:26:51, -9.2048, -1.952587, -12.13999, -0.93, 0
08-07-2024 10:26:51, -9.2048, -1.952587, -12.17999, -0.93, 0
08-07-2024 10:26:51, -9.2048, -1.952587, -12.21999, -0.93, 0
08-07-2024 10:26:51, -9.2048, -1.952587, -12.25999, -0.93, 0
08-07-2024 10:26:51, -9.2048, -1.952587, -12.29999, -0.93, 0
08-07-2024 10:26:51, -9.2048, -1.952587, -12.33999, -0.93, 0
08-07-2024 10:26:51, -9.2048, -1.952587, -12.37999, -0.93, 0
08-07-2024 10:26:51, -9.2048, -1.952587, -12.41999, -0.93, 0
08-07-2024 10:26:51, -9.2048, -1.952587, -12.45999, -0.93, 0
08-07-2024 10:26:51, -9.2048, -1.952587, -12.49999, -0.93, 0
08-07-2024 10:26:51, -9.2048, -1.952587, -12.53999, -0.93, 0
08-07-2024 10:26:51, -9.2048, -1.952587, -12.57999, -0.93, 0
08-07-2024 10:26:51, -9.2048, -1.952587, -12.61999, -0.93, 0
08-07-2024 10:26:51, -9.2048, -1.952587, -12.65999, -0.93, 0
08-07-2024 10:26:51, -9.2048, -1.952587, -12.69999, -0.93, 0
08-07-2024 10:26:51, -9.2048, -1.952587, -12.73999, -0.93, 0
08-07-2024 10:26:51, -9.2048, -1.952587, -12.77999, -0.93, 0
08-07-2024 10:26:51, -9.2048, -1.952587, -12.81999, -0.93, 0
08-07-2024 10:26:51, -9.2048, -1.952587, -12.85999, -0.93, 0
08-07-2024 10:26:51, -9.2048, -1.952587, -12.89999, -0.93, 0
08-07-2024 10:26:51, -9.2048, -1.952587, -12.93999, -0.93, 0
08-07-2024 10:26:51, -9.2048, -1.952587, -12.97999, -0.93, 0
08-07-2024 10:26:51, -9.2048, -1.952587, -13.01999, -0.93, 0
08-07-2024 10:26:51, -9.2048, -1.952587, -13.05999, -0.93, 0
08-07-2024 10:26:51, -9.2048, -1.952587, -13.09999, -0.93, 0
08-07-2024 10:26:51, -9.2048, -1.952587, -13.13999, -0.93, 0
08-07-2024 10:26:51, -9.2048, -1.952587, -13.17999, -0.93, 0
08-07-2024 10:26:51, -9.2048, -1.952587, -13.21999, -0.93, 0
08-07-2024 10:26:51, -9.2048, -1.952587, -13.25999, -0.93, 0
08-07-2024 10:26:51, -9.2048, -1.952587, -13.29999, -0.93, 0
08-07-2024 10:26:51, -9.2048, -1.952587, -13.33999, -0.93, 0
08-07-2024 10:26:51, -9.2048, -1.952587, -13.37999, -0.93, 0
08-07-2024 10:26:51, -9.2048, -1.952587, -13.41999, -0.93, 0
08-07-2024 10:26:51, -9.2048, -1.952587, -13.45999, -0.93, 0
08-07-2024 10:26:51, -9.2048, -1.952587, -13.49999, -0.93, 0
08-07-2024 10:26:51, -9.2048, -1.952587, -13.53999, -0.93, 0
08-07-2024 10:26:52, -9.2048, -1.952587, -13.57999, -0.93, 0
08-07-2024 10:26:52, -9.2048, -1.952587, -13.61999, -0.93, 0
08-07-2024 10:26:52, -9.2048, -1.952587, -13.65999, -0.93, 0
08-07-2024 10:26:52, -9.2048, -1.952587, -13.69999, -0.93, 0
08-07-2024 10:26:52, -9.2048, -1.952587, -13.73999, -0.93, 0
08-07-2024 10:26:52, -9.2048, -1.952587, -13.77999, -0.93, 0
08-07-2024 10:26:52, -9.2048, -1.952587, -13.81999, -0.93, 0
08-07-2024 10:26:52, -9.2048, -1.952587, -13.85999, -0.93, 0
08-07-2024 10:26:52, -9.2048, -1.952587, -13.89999, -0.93, 0
08-07-2024 10:26:52, -9.2048, -1.952587, -13.93999, -0.93, 0
08-07-2024 10:26:52, -9.2048, -1.952587, -13.97999, -0.93, 0
08-07-2024 10:26:52, -9.2048, -1.952587, -14.01999, -0.93, 0
08-07-2024 10:26:52, -9.2048, -1.952587, -14.05999, -0.93, 0
08-07-2024 10:26:52, -9.2048, -1.952587, -14.09999, -0.93, 0
08-07-2024 10:26:52, -9.2048, -1.952587, -14.13999, -0.93, 0
08-07-2024 10:26:52, -9.2048, -1.952587, -14.17999, -0.93, 0
08-07-2024 10:26:52, -9.2048, -1.952587, -14.21999, -0.93, 0
08-07-2024 10:26:52, -9.2048, -1.952587, -14.25999, -0.93, 0
08-07-2024 10:26:52, -9.2048, -1.952587, -14.29999, -0.93, 0
08-07-2024 10:26:52, -9.2048, -1.952587, -14.33999, -0.93, 0
08-07-2024 10:26:52, -9.2048, -1.952587, -14.37999, -0.93, 0
08-07-2024 10:26:52, -9.2048, -1.952587, -14.41999, -0.93, 0
08-07-2024 10:26:52, -9.2048, -1.952587, -14.45999, -0.93, 0
08-07-2024 10:26:52, -9.2048, -1.952587, -14.49999, -0.93, 0
08-07-2024 10:26:52, -9.2048, -1.952587, -14.53999, -0.93, 0
08-07-2024 10:26:52, -9.2048, -1.952587, -14.57999, -0.93, 0
08-07-2024 10:26:52, -9.2048, -1.952587, -14.61999, -0.93, 0
08-07-2024 10:26:52, -9.2048, -1.952587, -14.65999, -0.93, 0
08-07-2024 10:26:52, -9.2048, -1.952587, -14.69999, -0.93, 0
08-07-2024 10:26:52, -9.2048, -1.952587, -14.73999, -0.93, 0
08-07-2024 10:26:52, -9.2048, -1.952587, -14.77999, -0.93, 0
08-07-2024 10:26:52, -9.2048, -1.952587, -14.81999, -0.93, 0
08-07-2024 10:26:52, -9.2048, -1.952587, -14.85999, -0.93, 0
08-07-2024 10:26:52, -9.2048, -1.952587, -14.89999, -0.93, 0
08-07-2024 10:26:52, -9.2048, -1.952587, -14.93999, -0.93, 0
08-07-2024 10:26:52, -9.2048, -1.952587, -14.97999, -0.93, 0
08-07-2024 10:26:52, -9.2048, -1.952587, -15.01999, -0.93, 0
08-07-2024 10:26:52, -9.2048, -1.952587, -15.05999, -0.93, 0
08-07-2024 10:26:52, -9.2048, -1.952587, -15.09999, -0.93, 0
08-07-2024 10:26:52, -9.2048, -1.952587, -15.13999, -0.93, 0
08-07-2024 10:26:52, -9.2048, -1.952587, -15.17999, -0.93, 0
08-07-2024 10:26:52, -9.2048, -1.952587, -15.21999, -0.93, 0
08-07-2024 10:26:52, -9.2048, -1.952587, -15.25999, -0.93, 0
08-07-2024 10:26:52, -9.2048, -1.952587, -15.29999, -0.93, 0
08-07-2024 10:26:52, -9.2048, -1.952587, -15.33999, -0.93, 0
08-07-2024 10:26:52, -9.2048, -1.952587, -15.37999, -0.93, 0
08-07-2024 10:26:52, -9.2048, -1.952587, -15.41999, -0.93, 0
08-07-2024 10:26:52, -9.2048, -1.952587, -15.45999, -0.93, 0
08-07-2024 10:26:52, -9.2048, -1.952587, -15.49999, -0.93, 0
08-07-2024 10:26:52, -9.2048, -1.952587, -15.53999, -0.93, 0
08-07-2024 10:26:52, -9.2048, -1.952587, -15.57999, -0.93, 0
08-07-2024 10:26:53, -9.2048, -1.952587, -15.61999, -0.93, 0
08-07-2024 10:26:53, -9.2048, -1.952587, -15.65999, -0.93, 0
08-07-2024 10:26:53, -9.2048, -1.952587, -15.69999, -0.93, 0
08-07-2024 10:26:53, -9.2048, -1.952587, -15.73999, -0.93, 0
08-07-2024 10:26:53, -9.2048, -1.952587, -15.77999, -0.93, 0
08-07-2024 10:26:53, -9.2048, -1.952587, -15.81999, -0.93, 0
08-07-2024 10:26:53, -9.2048, -1.952587, -15.85999, -0.93, 0
08-07-2024 10:26:53, -9.2048, -1.952587, -15.89999, -0.93, 0
08-07-2024 10:26:53, -9.2048, -1.952587, -15.93999, -0.93, 0
08-07-2024 10:26:53, -9.2048, -1.952587, -15.97999, -0.93, 0
08-07-2024 10:26:53, -9.2048, -1.952587, -16.01999, -0.93, 0
08-07-2024 10:26:53, -9.2048, -1.952587, -16.05999, -0.93, 0
08-07-2024 10:26:53, -9.2048, -1.952587, -16.09999, -0.93, 0
08-07-2024 10:26:53, -9.2048, -1.952587, -16.13999, -0.93, 0
08-07-2024 10:26:53, -9.2048, -1.952587, -16.17999, -0.93, 0
08-07-2024 10:26:53, -9.2048, -1.952587, -16.22, -0.93, 0
08-07-2024 10:26:53, -9.2048, -1.952587, -16.26, -0.93, 0
08-07-2024 10:26:53, -9.2048, -1.952587, -16.3, -0.93, 0
08-07-2024 10:26:53, -9.2048, -1.952587, -16.34, -0.93, 0
08-07-2024 10:26:53, -9.2048, -1.952587, -16.38, -0.93, 0
08-07-2024 10:26:53, -9.2048, -1.952587, -16.42, -0.93, 0
08-07-2024 10:26:53, -9.2048, -1.952587, -16.46, -0.93, 0
08-07-2024 10:26:53, -9.2048, -1.952587, -16.5, -0.93, 0
08-07-2024 10:26:53, -9.2048, -1.952587, -16.54, -0.93, 0
08-07-2024 10:26:53, -9.2048, -1.952587, -16.58, -0.93, 0
08-07-2024 10:26:53, -9.2048, -1.952587, -16.62, -0.93, 0
08-07-2024 10:26:53, -9.2048, -1.952587, -16.66001, -0.93, 0
08-07-2024 10:26:53, -9.2048, -1.952587, -16.70001, -0.93, 0
08-07-2024 10:26:53, -9.2048, -1.952587, -16.74001, -0.93, 0
08-07-2024 10:26:53, -9.2048, -1.952587, -16.78001, -0.93, 0
08-07-2024 10:26:53, -9.2048, -1.952587, -16.82001, -0.93, 0
08-07-2024 10:26:53, -9.2048, -1.952587, -16.86001, -0.93, 0
08-07-2024 10:26:53, -9.2048, -1.952587, -16.90001, -0.93, 0
08-07-2024 10:26:53, -9.2048, -1.952587, -16.94001, -0.93, 0
08-07-2024 10:26:53, -9.2048, -1.952587, -16.98001, -0.93, 0
08-07-2024 10:26:53, -9.2048, -1.952587, -17.02001, -0.93, 0
08-07-2024 10:26:53, -9.2048, -1.952587, -17.06001, -0.93, 0
08-07-2024 10:26:53, -9.2048, -1.952587, -17.10002, -0.93, 0
08-07-2024 10:26:53, -9.2048, -1.952587, -17.14002, -0.93, 0
08-07-2024 10:26:53, -9.2048, -1.952587, -17.18002, -0.93, 0
08-07-2024 10:26:53, -9.2048, -1.952587, -17.22002, -0.93, 0
08-07-2024 10:26:53, -9.2048, -1.952587, -17.26002, -0.93, 0
08-07-2024 10:26:53, -9.2048, -1.952587, -17.30002, -0.93, 0
08-07-2024 10:26:53, -9.2048, -1.952587, -17.34002, -0.93, 0
08-07-2024 10:26:53, -9.2048, -1.952587, -17.38002, -0.93, 0
08-07-2024 10:26:53, -9.2048, -1.952587, -17.42002, -0.93, 0
08-07-2024 10:26:53, -9.2048, -1.952587, -17.46002, -0.93, 0
08-07-2024 10:26:53, -9.2048, -1.952587, -17.50002, -0.93, 0
08-07-2024 10:26:53, -9.2048, -1.952587, -17.54003, -0.93, 0
08-07-2024 10:26:53, -9.2048, -1.952587, -17.58003, -0.93, 0
08-07-2024 10:26:54, -9.2048, -1.952587, -17.62003, -0.93, 0
08-07-2024 10:26:54, -9.2048, -1.952587, -17.66003, -0.93, 0
08-07-2024 10:26:54, -9.2048, -1.952587, -17.70003, -0.93, 0
08-07-2024 10:26:54, -9.2048, -1.952587, -17.74003, -0.93, 0
08-07-2024 10:26:54, -9.2048, -1.952587, -17.78003, -0.93, 0
08-07-2024 10:26:54, -9.2048, -1.952587, -17.82003, -0.93, 0
08-07-2024 10:26:54, -9.2048, -1.952587, -17.86003, -0.93, 0
08-07-2024 10:26:54, -9.2048, -1.952587, -17.90003, -0.93, 0
08-07-2024 10:26:54, -9.2048, -1.952587, -17.94003, -0.93, 0
08-07-2024 10:26:54, -9.2048, -1.952587, -17.98004, -0.93, 0
08-07-2024 10:26:54, -9.2048, -1.952587, -18.02004, -0.93, 0
08-07-2024 10:26:54, -9.2048, -1.952587, -18.06004, -0.93, 0
08-07-2024 10:26:54, -9.2048, -1.952587, -18.10004, -0.93, 0
08-07-2024 10:26:54, -9.2048, -1.952587, -18.14004, -0.93, 0
08-07-2024 10:26:54, -9.2048, -1.952587, -18.18004, -0.93, 0
08-07-2024 10:26:54, -9.2048, -1.952587, -18.22004, -0.93, 0
08-07-2024 10:26:54, -9.2048, -1.952587, -18.26004, -0.93, 0
08-07-2024 10:26:54, -9.2048, -1.952587, -18.30004, -0.93, 0
08-07-2024 10:26:54, -9.2048, -1.952587, -18.34004, -0.93, 0
08-07-2024 10:26:54, -9.2048, -1.952587, -18.38004, -0.93, 0
08-07-2024 10:26:54, -9.2048, -1.952587, -18.42005, -0.93, 0
08-07-2024 10:26:54, -9.2048, -1.952587, -18.46005, -0.93, 0
08-07-2024 10:26:54, -9.2048, -1.952587, -18.50005, -0.93, 0
08-07-2024 10:26:54, -9.2048, -1.952587, -18.54005, -0.93, 0
08-07-2024 10:26:54, -9.2048, -1.952587, -18.58005, -0.93, 0
08-07-2024 10:26:54, -9.2048, -1.952587, -18.62005, -0.93, 0
08-07-2024 10:26:54, -9.2048, -1.952587, -18.66005, -0.93, 0
08-07-2024 10:26:54, -9.2048, -1.952587, -18.70005, -0.93, 0
08-07-2024 10:26:54, -9.2048, -1.952587, -18.74005, -0.93, 0
08-07-2024 10:26:54, -9.2048, -1.952587, -18.78005, -0.93, 0
08-07-2024 10:26:54, -9.2048, -1.952587, -18.82006, -0.93, 0
08-07-2024 10:26:54, -9.2048, -1.952587, -18.86006, -0.93, 0
08-07-2024 10:26:54, -9.2048, -1.952587, -18.90006, -0.93, 0
08-07-2024 10:26:54, -9.2048, -1.952587, -18.94006, -0.93, 0
08-07-2024 10:26:54, -9.2048, -1.952587, -18.98006, -0.93, 0
08-07-2024 10:26:54, -9.2048, -1.952587, -19.02006, -0.93, 0
08-07-2024 10:26:54, -9.2048, -1.952587, -19.06006, -0.93, 0
08-07-2024 10:26:54, -9.2048, -1.952587, -19.10006, -0.93, 0
08-07-2024 10:26:54, -9.2048, -1.952587, -19.14006, -0.93, 0
08-07-2024 10:26:54, -9.2048, -1.952587, -19.18006, -0.93, 0
08-07-2024 10:26:54, -9.2048, -1.952587, -19.22006, -0.93, 0
08-07-2024 10:26:54, -9.2048, -1.952587, -19.26007, -0.93, 0
08-07-2024 10:26:54, -9.2048, -1.952587, -19.30007, -0.93, 0
08-07-2024 10:26:54, -9.2048, -1.952587, -19.34007, -0.93, 0
08-07-2024 10:26:54, -9.2048, -1.952587, -19.38007, -0.93, 0
08-07-2024 10:26:54, -9.2048, -1.952587, -19.42007, -0.93, 0
08-07-2024 10:26:54, -9.2048, -1.952587, -19.46007, -0.93, 0
08-07-2024 10:26:54, -9.2048, -1.952587, -19.50007, -0.93, 0
08-07-2024 10:26:54, -9.2048, -1.952587, -19.54007, -0.93, 0
08-07-2024 10:26:54, -9.2048, -1.952587, -19.58007, -0.93, 0
08-07-2024 10:26:55, -9.2048, -1.952587, -19.62007, -0.93, 0
08-07-2024 10:26:55, -9.2048, -1.952587, -19.66007, -0.93, 0
08-07-2024 10:26:55, -9.2048, -1.952587, -19.70008, -0.93, 0
08-07-2024 10:26:55, -9.2048, -1.952587, -19.74008, -0.93, 0
08-07-2024 10:26:55, -9.2048, -1.952587, -19.78008, -0.93, 0
08-07-2024 10:26:55, -9.2048, -1.952587, -19.82008, -0.93, 0
08-07-2024 10:26:55, -9.2048, -1.952587, -19.86008, -0.93, 0
08-07-2024 10:26:55, -9.2048, -1.952587, -19.90008, -0.93, 0
08-07-2024 10:26:55, -9.2048, -1.952587, -19.94008, -0.93, 0
08-07-2024 10:26:55, -9.2048, -1.952587, -19.98008, -0.93, 0
08-07-2024 10:26:55, -9.2048, -1.952587, -20.02008, -0.93, 0
08-07-2024 10:26:55, -9.2048, -1.952587, -20.06008, -0.93, 0
08-07-2024 10:26:55, -9.2048, -1.952587, -20.10008, -0.93, 0
08-07-2024 10:26:55, -9.2048, -1.952587, -20.14009, -0.93, 0
08-07-2024 10:26:55, -9.2048, -1.952587, -20.18009, -0.93, 0
08-07-2024 10:26:55, -9.2048, -1.952587, -20.22009, -0.93, 0
08-07-2024 10:26:55, -9.2048, -1.952587, -20.26009, -0.93, 0
08-07-2024 10:26:55, -9.2048, -1.952587, -20.30009, -0.93, 0
08-07-2024 10:26:55, -9.2048, -1.952587, -20.34009, -0.93, 0
08-07-2024 10:26:55, -9.2048, -1.952587, -20.38009, -0.93, 0
08-07-2024 10:26:55, -9.2048, -1.952587, -20.42009, -0.93, 0
08-07-2024 10:26:55, -9.2048, -1.952587, -20.46009, -0.93, 0
08-07-2024 10:26:55, -9.2048, -1.952587, -20.50009, -0.93, 0
08-07-2024 10:26:55, -9.2048, -1.952587, -20.54009, -0.93, 0
08-07-2024 10:26:55, -9.2048, -1.952587, -20.5801, -0.93, 0
08-07-2024 10:26:55, -9.2048, -1.952587, -20.6201, -0.93, 0
08-07-2024 10:26:55, -9.2048, -1.952587, -20.6601, -0.93, 0
08-07-2024 10:26:55, -9.2048, -1.952587, -20.7001, -0.93, 0
08-07-2024 10:26:55, -9.2048, -1.952587, -20.7401, -0.93, 0
08-07-2024 10:26:55, -9.2048, -1.952587, -20.7801, -0.93, 0
08-07-2024 10:26:55, -9.2048, -1.952587, -20.8201, -0.93, 0
08-07-2024 10:26:55, -9.2048, -1.952587, -20.8601, -0.93, 0
08-07-2024 10:26:55, -9.2048, -1.952587, -20.9001, -0.93, 0
08-07-2024 10:26:55, -9.2048, -1.952587, -20.9401, -0.93, 0
08-07-2024 10:26:55, -9.2048, -1.952587, -20.9801, -0.93, 0
08-07-2024 10:26:55, -9.2048, -1.952587, -21.02011, -0.93, 0
08-07-2024 10:26:55, -9.2048, -1.952587, -21.06011, -0.93, 0
08-07-2024 10:26:55, -9.2048, -1.952587, -21.10011, -0.93, 0
08-07-2024 10:26:55, -9.2048, -1.952587, -21.14011, -0.93, 0
08-07-2024 10:26:55, -9.2048, -1.952587, -21.18011, -0.93, 0
08-07-2024 10:26:55, -9.2048, -1.952587, -21.22011, -0.93, 0
08-07-2024 10:26:55, -9.2048, -1.952587, -21.26011, -0.93, 0
08-07-2024 10:26:55, -9.2048, -1.952587, -21.30011, -0.93, 0
08-07-2024 10:26:55, -9.2048, -1.952587, -21.34011, -0.93, 0
08-07-2024 10:26:55, -9.2048, -1.952587, -21.38011, -0.93, 0
08-07-2024 10:26:55, -9.2048, -1.952587, -21.42011, -0.93, 0
08-07-2024 10:26:55, -9.2048, -1.952587, -21.46012, -0.93, 0
08-07-2024 10:26:55, -9.2048, -1.952587, -21.50012, -0.93, 0
08-07-2024 10:26:55, -9.2048, -1.952587, -21.54012, -0.93, 0
08-07-2024 10:26:56, -9.2048, -1.952587, -21.58012, -0.93, 0
08-07-2024 10:26:56, -9.2048, -1.952587, -21.62012, -0.93, 0
08-07-2024 10:26:56, -9.2048, -1.952587, -21.66012, -0.93, 0
08-07-2024 10:26:56, -9.2048, -1.952587, -21.70012, -0.93, 0
08-07-2024 10:26:56, -9.2048, -1.952587, -21.74012, -0.93, 0
08-07-2024 10:26:56, -9.2048, -1.952587, -21.78012, -0.93, 0
08-07-2024 10:26:56, -9.2048, -1.952587, -21.82012, -0.93, 0
08-07-2024 10:26:56, -9.2048, -1.952587, -21.86012, -0.93, 0
08-07-2024 10:26:56, -9.2048, -1.952587, -21.90013, -0.93, 0
08-07-2024 10:26:56, -9.2048, -1.938985, -21.94013, -0.93, 0
08-07-2024 10:26:56, -9.2048, -1.938985, -21.98013, -0.93, 0
08-07-2024 10:26:56, -9.2048, -1.89315, -22.02013, -0.93, 0
08-07-2024 10:26:56, -9.2048, -1.81496, -22.06013, -0.93, 0
08-07-2024 10:26:56, -9.2048, -1.690414, -22.10013, -0.93, 0
08-07-2024 10:26:56, -9.2048, -1.514102, -22.14013, -0.93, 0
08-07-2024 10:26:56, -9.2048, -1.271345, -22.18013, -0.93, 0
08-07-2024 10:26:56, -9.2048, -1.008067, -22.22013, -0.93, 0
08-07-2024 10:26:56, -9.2048, -0.7286685, -22.26013, -0.93, 0
08-07-2024 10:26:56, -9.2048, -0.4379123, -22.30013, -0.93, 0
08-07-2024 10:26:56, -9.2048, -0.1689951, -22.34014, -0.93, 0
08-07-2024 10:26:56, -9.2048, 0.05773406, -22.38014, -0.93, 0
08-07-2024 10:26:56, -9.2048, 0.2764052, -22.42014, -0.93, 0
08-07-2024 10:26:56, -9.2048, 0.466591, -22.46014, -0.93, 0
08-07-2024 10:26:56, -9.2048, 0.6575973, -22.50014, -0.93, 0
08-07-2024 10:26:56, -9.2048, 0.8344276, -22.54014, -0.93, 0
08-07-2024 10:26:56, -9.2048, 1.026994, -22.58014, -0.93, 0
08-07-2024 10:26:56, -9.2048, 1.240046, -22.62014, -0.93, 0
08-07-2024 10:26:56, -9.2048, 1.473829, -22.66014, -0.93, 0
08-07-2024 10:26:56, -9.2048, 1.743921, -22.70014, -0.93, 0
08-07-2024 10:26:56, -9.2048, 2.035463, -22.74014, -0.93, 0
08-07-2024 10:26:56, -9.2048, 2.308623, -22.78015, -0.93, 0
08-07-2024 10:26:56, -9.2048, 2.531836, -22.82015, -0.93, 0
08-07-2024 10:26:56, -9.2048, 2.684241, -22.86015, -0.93, 0
08-07-2024 10:26:56, -9.2048, 2.796536, -22.90015, -0.93, 0
08-07-2024 10:26:56, -9.2048, 2.821445, -22.94015, -0.93, 0
08-07-2024 10:26:56, -9.2048, 2.816814, -22.98015, -0.93, 0
08-07-2024 10:26:56, -9.2048, 2.816814, -23.02015, -0.93, 0
08-07-2024 10:26:56, -9.2048, 2.816814, -23.06015, -0.93, 0
08-07-2024 10:26:56, -9.2048, 2.816814, -23.10015, -0.93, 0
08-07-2024 10:26:56, -9.2048, 2.816814, -23.14015, -0.93, 0
08-07-2024 10:26:56, -9.2048, 2.816814, -23.18015, -0.93, 0
08-07-2024 10:26:56, -9.2048, 2.801156, -23.22016, -0.93, 0
08-07-2024 10:26:56, -9.2048, 2.801156, -23.26016, -0.93, 0
08-07-2024 10:26:56, -9.2048, 2.801156, -23.30016, -0.93, 0
08-07-2024 10:26:56, -9.2048, 2.801156, -23.34016, -0.93, 0
08-07-2024 10:26:56, -9.2048, 2.801156, -23.38016, -0.93, 0
08-07-2024 10:26:56, -9.2048, 2.801156, -23.42016, -0.93, 0
08-07-2024 10:26:56, -9.2048, 2.801156, -23.46016, -0.93, 0
08-07-2024 10:26:56, -9.2048, 2.801156, -23.50016, -0.93, 0
08-07-2024 10:26:56, -9.2048, 2.801156, -23.54016, -0.93, 0
08-07-2024 10:26:57, -9.2048, 2.801156, -23.58016, -0.93, 0
08-07-2024 10:26:57, -9.2048, 2.801156, -23.62016, -0.93, 0
08-07-2024 10:26:57, -9.2048, 2.785518, -23.66017, -0.93, 0
08-07-2024 10:26:57, -9.2048, 2.785518, -23.70017, -0.93, 0
08-07-2024 10:26:57, -9.2048, 2.785518, -23.74017, -0.93, 0
08-07-2024 10:26:57, -9.2048, 2.785518, -23.78017, -0.93, 0
08-07-2024 10:26:57, -9.2048, 2.785518, -23.82017, -0.93, 0
08-07-2024 10:26:57, -9.2048, 2.785518, -23.86017, -0.93, 0
08-07-2024 10:26:57, -9.2048, 2.785518, -23.90017, -0.93, 0
08-07-2024 10:26:57, -9.2048, 2.785518, -23.94017, -0.93, 0
08-07-2024 10:26:57, -9.2048, 2.785518, -23.98017, -0.93, 0
08-07-2024 10:26:57, -9.2048, 2.785518, -24.02017, -0.93, 0
08-07-2024 10:26:57, -9.2048, 2.785518, -24.06017, -0.93, 0
08-07-2024 10:26:57, -9.2048, 2.785518, -24.10018, -0.93, 0
08-07-2024 10:26:57, -9.2048, 2.785518, -24.14018, -0.93, 0
08-07-2024 10:26:57, -9.2048, 2.785518, -24.18018, -0.93, 0
08-07-2024 10:26:57, -9.2048, 2.785518, -24.22018, -0.93, 0
08-07-2024 10:26:57, -9.2048, 2.785518, -24.26018, -0.93, 0
08-07-2024 10:26:57, -9.2048, 2.785518, -24.30018, -0.93, 0
08-07-2024 10:26:57, -9.2048, 2.785518, -24.34018, -0.93, 0
08-07-2024 10:26:57, -9.2048, 2.785518, -24.38018, -0.93, 0
08-07-2024 10:26:57, -9.2048, 2.785518, -24.42018, -0.93, 0
08-07-2024 10:26:57, -9.2048, 2.785518, -24.46018, -0.93, 0
08-07-2024 10:26:57, -9.2048, 2.785518, -24.50019, -0.93, 0
08-07-2024 10:26:57, -9.2048, 2.785518, -24.54019, -0.93, 0
08-07-2024 10:26:57, -9.2048, 2.780883, -24.58019, -0.93, 0
08-07-2024 10:26:57, -9.2048, 2.780883, -24.62019, -0.93, 0
08-07-2024 10:26:57, -9.2048, 2.780883, -24.66019, -0.93, 0
08-07-2024 10:26:57, -9.2048, 2.780883, -24.70019, -0.93, 0
08-07-2024 10:26:57, -9.2048, 2.780883, -24.74019, -0.93, 0
08-07-2024 10:26:57, -9.2048, 2.780883, -24.78019, -0.93, 0
08-07-2024 10:26:57, -9.2048, 2.780883, -24.82019, -0.93, 0
08-07-2024 10:26:57, -9.2048, 2.780883, -24.86019, -0.93, 0
08-07-2024 10:26:57, -9.2048, 2.780883, -24.90019, -0.93, 0
08-07-2024 10:26:57, -9.2048, 2.780883, -24.9402, -0.93, 0
08-07-2024 10:26:57, -9.2048, 2.780883, -24.9802, -0.93, 0
08-07-2024 10:26:57, -9.2048, 2.780883, -25.0202, -0.93, 0
08-07-2024 10:26:57, -9.2048, 2.765239, -25.0602, -0.93, 0
08-07-2024 10:26:57, -9.2048, 2.765239, -25.1002, -0.93, 0
08-07-2024 10:26:57, -9.2048, 2.765239, -25.1402, -0.93, 0
08-07-2024 10:26:57, -9.2048, 2.765239, -25.1802, -0.93, 0
08-07-2024 10:26:57, -9.2048, 2.765239, -25.2202, -0.93, 0
08-07-2024 10:26:57, -9.2048, 2.765239, -25.2602, -0.93, 0
08-07-2024 10:26:57, -9.2048, 2.765239, -25.3002, -0.93, 0
08-07-2024 10:26:57, -9.2048, 2.765239, -25.3402, -0.93, 0
08-07-2024 10:26:57, -9.2048, 2.765239, -25.38021, -0.93, 0
08-07-2024 10:26:57, -9.2048, 2.765239, -25.42021, -0.93, 0
08-07-2024 10:26:57, -9.2048, 2.765239, -25.46021, -0.93, 0
08-07-2024 10:26:57, -9.2048, 2.765239, -25.50021, -0.93, 0
08-07-2024 10:26:57, -9.2048, 2.765239, -25.54021, -0.93, 0
08-07-2024 10:26:57, -9.2048, 2.765239, -25.58021, -0.93, 0
08-07-2024 10:26:58, -9.2048, 2.765239, -25.62021, -0.93, 0
08-07-2024 10:26:58, -9.2048, 2.765239, -25.66021, -0.93, 0
08-07-2024 10:26:58, -9.2048, 2.765239, -25.70021, -0.93, 0
08-07-2024 10:26:58, -9.2048, 2.765239, -25.74021, -0.93, 0
08-07-2024 10:26:58, -9.2048, 2.765239, -25.78021, -0.93, 0
08-07-2024 10:26:58, -9.2048, 2.765239, -25.82022, -0.93, 0
08-07-2024 10:26:58, -9.2048, 2.765239, -25.86022, -0.93, 0
08-07-2024 10:26:58, -9.2048, 2.765239, -25.90022, -0.93, 0
08-07-2024 10:26:58, -9.2048, 2.765239, -25.94022, -0.93, 0
08-07-2024 10:26:58, -9.2048, 2.765239, -25.98022, -0.93, 0
08-07-2024 10:26:58, -9.2048, 2.765239, -26.02022, -0.93, 0
08-07-2024 10:26:58, -9.2048, 2.765239, -26.06022, -0.93, 0
08-07-2024 10:26:58, -9.2048, 2.765239, -26.10022, -0.93, 0
08-07-2024 10:26:58, -9.2048, 2.765239, -26.14022, -0.93, 0
08-07-2024 10:26:58, -9.2048, 2.765239, -26.18022, -0.93, 0
08-07-2024 10:26:58, -9.2048, 2.765239, -26.22022, -0.93, 0
08-07-2024 10:26:58, -9.2048, 2.765239, -26.26023, -0.93, 0
08-07-2024 10:26:58, -9.2048, 2.765239, -26.30023, -0.93, 0
08-07-2024 10:26:58, -9.2048, 2.765239, -26.34023, -0.93, 0
08-07-2024 10:26:58, -9.2048, 2.765239, -26.38023, -0.93, 0
08-07-2024 10:26:58, -9.2048, 2.765239, -26.42023, -0.93, 0
08-07-2024 10:26:58, -9.2048, 2.765239, -26.46023, -0.93, 0
08-07-2024 10:26:58, -9.2048, 2.765239, -26.50023, -0.93, 0
08-07-2024 10:26:58, -9.2048, 2.765239, -26.54023, -0.93, 0
08-07-2024 10:26:58, -9.2048, 2.765239, -26.58023, -0.93, 0
08-07-2024 10:26:58, -9.2048, 2.765239, -26.62023, -0.93, 0
08-07-2024 10:26:58, -9.2048, 2.765239, -26.66023, -0.93, 0
08-07-2024 10:26:58, -9.2048, 2.765239, -26.70024, -0.93, 0
08-07-2024 10:26:58, -9.2048, 2.765239, -26.74024, -0.93, 0
08-07-2024 10:26:58, -9.2048, 2.765239, -26.78024, -0.93, 0
08-07-2024 10:26:58, -9.2048, 2.765239, -26.82024, -0.93, 0
08-07-2024 10:26:58, -9.2048, 2.765239, -26.86024, -0.93, 0
08-07-2024 10:26:58, -9.2048, 2.765239, -26.90024, -0.93, 0
08-07-2024 10:26:58, -9.2048, 2.765239, -26.94024, -0.93, 0
08-07-2024 10:26:58, -9.2048, 2.765239, -26.98024, -0.93, 0
08-07-2024 10:26:58, -9.2048, 2.765239, -27.02024, -0.93, 0
08-07-2024 10:26:58, -9.2048, 2.765239, -27.06024, -0.93, 0
08-07-2024 10:26:58, -9.2048, 2.765239, -27.10024, -0.93, 0
08-07-2024 10:26:58, -9.2048, 2.765239, -27.14025, -0.93, 0
08-07-2024 10:26:58, -9.2048, 2.765239, -27.18025, -0.93, 0
08-07-2024 10:26:58, -9.2048, 2.765239, -27.22025, -0.93, 0
08-07-2024 10:26:58, -9.2048, 2.765239, -27.26025, -0.93, 0
08-07-2024 10:26:58, -9.2048, 2.765239, -27.30025, -0.93, 0
08-07-2024 10:26:58, -9.2048, 2.765239, -27.34025, -0.93, 0
08-07-2024 10:26:58, -9.2048, 2.765239, -27.38025, -0.93, 0
08-07-2024 10:26:58, -9.2048, 2.765239, -27.42025, -0.93, 0
08-07-2024 10:26:58, -9.2048, 2.765239, -27.46025, -0.93, 0
08-07-2024 10:26:58, -9.2048, 2.765239, -27.50025, -0.93, 0
08-07-2024 10:26:58, -9.2048, 2.765239, -27.54025, -0.93, 0
08-07-2024 10:26:59, -9.2048, 2.765239, -27.58026, -0.93, 0
08-07-2024 10:26:59, -9.2048, 2.765239, -27.62026, -0.93, 0
08-07-2024 10:26:59, -9.2048, 2.765239, -27.66026, -0.93, 0
08-07-2024 10:26:59, -9.2048, 2.765239, -27.70026, -0.93, 0
08-07-2024 10:26:59, -9.2048, 2.765239, -27.74026, -0.93, 0
08-07-2024 10:26:59, -9.2048, 2.765239, -27.78026, -0.93, 0
08-07-2024 10:26:59, -9.2048, 2.765239, -27.82026, -0.93, 0
08-07-2024 10:26:59, -9.2048, 2.765239, -27.86026, -0.93, 0
08-07-2024 10:26:59, -9.2048, 2.765239, -27.90026, -0.93, 0
08-07-2024 10:26:59, -9.2048, 2.765239, -27.94026, -0.93, 0
08-07-2024 10:26:59, -9.2048, 2.765239, -27.98026, -0.93, 0
08-07-2024 10:26:59, -9.2048, 2.765239, -28.02027, -0.93, 0
08-07-2024 10:26:59, -9.2048, 2.765239, -28.06027, -0.93, 0
08-07-2024 10:26:59, -9.2048, 2.765239, -28.10027, -0.93, 0
08-07-2024 10:26:59, -9.2048, 2.765239, -28.14027, -0.93, 0
08-07-2024 10:26:59, -9.2048, 2.765239, -28.18027, -0.93, 0
08-07-2024 10:26:59, -9.2048, 2.765239, -28.22027, -0.93, 0
08-07-2024 10:26:59, -9.2048, 2.765239, -28.26027, -0.93, 0
08-07-2024 10:26:59, -9.2048, 2.765239, -28.30027, -0.93, 0
08-07-2024 10:26:59, -9.2048, 2.765239, -28.34027, -0.93, 0
08-07-2024 10:26:59, -9.2048, 2.765239, -28.38027, -0.93, 0
08-07-2024 10:26:59, -9.2048, 2.765239, -28.42027, -0.93, 0
08-07-2024 10:26:59, -9.2048, 2.765239, -28.46028, -0.93, 0
08-07-2024 10:26:59, -9.2048, 2.765239, -28.50028, -0.93, 0
08-07-2024 10:26:59, -9.2048, 2.765239, -28.54028, -0.93, 0
08-07-2024 10:26:59, -9.2048, 2.765239, -28.58028, -0.93, 0
08-07-2024 10:26:59, -9.2048, 2.765239, -28.62028, -0.93, 0
08-07-2024 10:26:59, -9.2048, 2.765239, -28.66028, -0.93, 0
08-07-2024 10:26:59, -9.2048, 2.765239, -28.70028, -0.93, 0
08-07-2024 10:26:59, -9.2048, 2.765239, -28.74028, -0.93, 0
08-07-2024 10:26:59, -9.2048, 2.765239, -28.78028, -0.93, 0
08-07-2024 10:26:59, -9.2048, 2.765239, -28.82028, -0.93, 0
08-07-2024 10:26:59, -9.2048, 2.765239, -28.86028, -0.93, 0
08-07-2024 10:26:59, -9.2048, 2.765239, -28.90029, -0.93, 0
08-07-2024 10:26:59, -9.2048, 2.765239, -28.94029, -0.93, 0
08-07-2024 10:26:59, -9.2048, 2.765239, -28.98029, -0.93, 0
08-07-2024 10:26:59, -9.2048, 2.765239, -29.02029, -0.93, 0
08-07-2024 10:26:59, -9.2048, 2.765239, -29.06029, -0.93, 0
08-07-2024 10:26:59, -9.2048, 2.765239, -29.10029, -0.93, 0
08-07-2024 10:26:59, -9.2048, 2.765239, -29.14029, -0.93, 0
08-07-2024 10:26:59, -9.2048, 2.765239, -29.18029, -0.93, 0
08-07-2024 10:26:59, -9.2048, 2.765239, -29.22029, -0.93, 0
08-07-2024 10:26:59, -9.2048, 2.765239, -29.26029, -0.93, 0
08-07-2024 10:26:59, -9.2048, 2.765239, -29.30029, -0.93, 0
08-07-2024 10:26:59, -9.2048, 2.765239, -29.3403, -0.93, 0
08-07-2024 10:26:59, -9.2048, 2.765239, -29.3803, -0.93, 0
08-07-2024 10:26:59, -9.2048, 2.765239, -29.4203, -0.93, 0
08-07-2024 10:26:59, -9.2048, 2.765239, -29.4603, -0.93, 0
08-07-2024 10:26:59, -9.2048, 2.765239, -29.5003, -0.93, 0
08-07-2024 10:26:59, -9.2048, 2.765239, -29.5403, -0.93, 0
08-07-2024 10:27:00, -9.2048, 2.765239, -29.5803, -0.93, 0
08-07-2024 10:27:00, -9.2048, 2.765239, -29.6203, -0.93, 0
08-07-2024 10:27:00, -9.2048, 2.765239, -29.6603, -0.93, 0
08-07-2024 10:27:00, -9.2048, 2.765239, -29.7003, -0.93, 0
08-07-2024 10:27:00, -9.2048, 2.765239, -29.7403, -0.93, 0
08-07-2024 10:27:00, -9.2048, 2.765239, -29.78031, -0.93, 0
08-07-2024 10:27:00, -9.2048, 2.765239, -29.82031, -0.93, 0
08-07-2024 10:27:00, -9.2048, 2.765239, -29.86031, -0.93, 0
08-07-2024 10:27:00, -9.2048, 2.765239, -29.90031, -0.93, 0
08-07-2024 10:27:00, -9.2048, 2.765239, -29.94031, -0.93, 0
08-07-2024 10:27:00, -9.2048, 2.765239, -29.98031, -0.93, 0
08-07-2024 10:27:00, -9.2048, 2.765239, -30.02031, -0.93, 0
08-07-2024 10:27:00, -9.2048, 2.765239, -30.06031, -0.93, 0
08-07-2024 10:27:00, -9.2048, 2.765239, -30.10031, -0.93, 0
08-07-2024 10:27:00, -9.2048, 2.765239, -30.14031, -0.93, 0
08-07-2024 10:27:00, -9.2048, 2.765239, -30.18032, -0.93, 0
08-07-2024 10:27:00, -9.2048, 2.765239, -30.22032, -0.93, 0
08-07-2024 10:27:00, -9.2048, 2.765239, -30.26032, -0.93, 0
