Time,enc_1,enc_2,Robx,Roby,PlayerX,PlayerY,CirclePosX,CirclePosY,circleRadius,TargetPos1,TargetPos2,targetRadii,CurrentStat
2024-07-05 15:12:38.044,0,0,0,-4.368,,-1.33926;,3.94088;,-1.28269;,0.3;,,,,0
2024-07-05 15:12:38.072,0,0,0,-4.368,,-1.33926;,3.94088;,-1.28269;,0.3;,,,,0
2024-07-05 15:12:38.086,0,0,0,-4.368,,-1.33926;,3.94088;,-1.28269;,0.3;,,,,0
2024-07-05 15:12:38.094,0,0,0,-4.368,,-1.33926;,3.94088;,-1.28269;,0.3;,,,,0
2024-07-05 15:12:38.103,0,0,0,-4.368,,-1.33926;,3.94088;,-1.28269;,0.3;,,,,0
2024-07-05 15:12:38.111,0,0,0,-4.368,,-1.33926;,3.94088;,-1.28269;,0.3;,,,,0
2024-07-05 15:12:38.119,0,0,0,-4.368,,-1.33926;,3.94088;,-1.28269;,0.3;,,,,0
2024-07-05 15:12:38.129,0,0,0,-4.368,,-1.33926;,3.94088;,-1.28269;,0.3;,,,,0
2024-07-05 15:12:38.137,0,0,0,-4.368,,-1.33926;,3.94088;,-1.28269;,0.3;,,,,0
2024-07-05 15:12:38.145,0,0,0,-4.368,,-1.33926;,3.94088;,-1.28269;,0.3;,,,,0
2024-07-05 15:12:38.153,0,0,0,-4.368,,-1.33926;,3.94088;,-1.28269;,0.3;,,,,0
2024-07-05 15:12:38.161,0,0,0,-4.368,,-1.33926;,3.94088;,-1.28269;,0.3;,,,,0
2024-07-05 15:12:38.170,0,0,0,-4.368,,-1.33926;,3.94088;,-1.28269;,0.3;,,,,0
2024-07-05 15:12:38.178,0,0,0,-4.368,,-1.33926;,3.94088;,-1.28269;,0.3;,,,,0
2024-07-05 15:12:38.186,0,0,0,-4.368,,-1.33926;,3.94088;,-1.28269;,0.3;,,,,0
2024-07-05 15:12:38.194,0,0,0,-4.368,,-1.33926;,3.94088;,-1.28269;,0.3;,,,,0
2024-07-05 15:12:38.203,0,0,0,-4.368,,-1.33926;,3.94088;,-1.28269;,0.3;,,,,0
2024-07-05 15:12:38.211,0,0,0,-4.368,,-1.33926;,3.94088;,-1.28269;,0.3;,,,,0
2024-07-05 15:12:38.220,0,0,0,-4.368,,-1.33926;,3.94088;,-1.28269;,0.3;,,,,0
2024-07-05 15:12:38.228,0,0,0,-4.368,,-1.33926;,3.94088;,-1.28269;,0.3;,,,,0
2024-07-05 15:12:38.237,0,0,0,-4.368,,-1.33926;,3.94088;,-1.28269;,0.3;,,,,0
2024-07-05 15:12:38.244,0,0,0,-4.368,,-1.33926;,3.94088;,-1.28269;,0.3;,,,,0
2024-07-05 15:12:38.253,0,0,0,-4.368,,-1.33926;,3.94088;,-1.28269;,0.3;,,,,0
2024-07-05 15:12:38.262,0,0,0,-4.368,,-1.33926;,3.94088;,-1.28269;,0.3;,,,,0
2024-07-05 15:12:38.270,0,0,0,-4.368,,-1.33926;,3.94088;,-1.28269;,0.3;,,,,0
2024-07-05 15:12:38.278,0,0,0,-4.368,,-1.33926;,3.94088;,-1.28269;,0.3;,,,,0
2024-07-05 15:12:38.286,0,0,0,-4.368,,-1.33926;,3.94088;,-1.28269;,0.3;,,,,0
2024-07-05 15:12:38.294,0,0,0,-4.368,,-1.33926;,3.94088;,-1.28269;,0.3;,,,,0
2024-07-05 15:12:38.302,0,0,0,-4.368,,-1.33926;,3.94088;,-1.28269;,0.3;,,,,0
2024-07-05 15:12:38.311,0,0,0,-4.368,,-1.33926;,3.94088;,-1.28269;,0.3;,,,,0
2024-07-05 15:12:38.320,0,0,0,-4.368,,-1.33926;,3.94088;,-1.28269;,0.3;,,,,0
2024-07-05 15:12:38.328,0,0,0,-4.368,,-1.33926;,3.94088;,-1.28269;,0.3;,,,,0
2024-07-05 15:12:38.337,0,0,0,-4.368,,-1.33926;,3.94088;,-1.28269;,0.3;,,,,0
2024-07-05 15:12:38.345,0,0,0,-4.368,,-1.33926;,3.94088;,-1.28269;,0.3;,,,,0
2024-07-05 15:12:38.354,0,0,0,-4.368,,-1.33926;,3.94088;,-1.28269;,0.3;,,,,0
2024-07-05 15:12:38.362,0,0,0,-4.368,,-1.33926;,3.94088;,-1.28269;,0.3;,,,,0
2024-07-05 15:12:38.370,0,0,0,-4.368,,-1.33926;,3.94088;,-1.28269;,0.3;,,,,0
2024-07-05 15:12:38.378,0,0,0,-4.368,,-1.33926;,3.94088;,-1.28269;,0.3;,,,,0
2024-07-05 15:12:38.387,0,0,0,-4.368,,-1.33926;,3.94088;,-1.28269;,0.3;,,,,0
2024-07-05 15:12:38.395,0,0,0,-4.368,,-1.33926;,3.94088;,-1.28269;,0.3;,,,,0
2024-07-05 15:12:38.403,0,0,0,-4.368,,-1.33926;,3.94088;,-1.28269;,0.3;,,,,0
2024-07-05 15:12:38.411,0,0,0,-4.368,,-1.33926;,3.94088;,-1.28269;,0.3;,,,,0
2024-07-05 15:12:38.420,0,0,0,-4.368,,-1.33926;,3.94088;,-1.28269;,0.3;,,,,0
2024-07-05 15:12:38.428,0,0,0,-4.368,,-1.33926;,3.94088;,-1.28269;,0.3;,,,,0
2024-07-05 15:12:38.435,0,0,0,-4.368,,-1.33926;,3.94088;,-1.28269;,0.3;,,,,0
2024-07-05 15:12:38.444,0,0,0,-4.368,,-1.33926;,3.94088;,-1.28269;,0.3;,,,,0
2024-07-05 15:12:38.454,0,0,0,-4.368,,-1.33926;,3.94088;,-1.28269;,0.3;,,,,0
2024-07-05 15:12:38.462,0,0,0,-4.368,,-1.33926;,3.94088;,-1.28269;,0.3;,,,,0
2024-07-05 15:12:38.469,0,0,0,-4.368,,-1.33926;,3.94088;,-1.28269;,0.3;,,,,0
2024-07-05 15:12:38.478,0,0,0,-4.368,,-1.33926;,3.94088;,-1.28269;,0.3;,,,,0
2024-07-05 15:12:38.487,0,0,0,-4.368,,-1.33926;,3.94088;,-1.28269;,0.3;,,,,0
2024-07-05 15:12:38.495,0,0,0,-4.368,,-1.33926;,3.94088;,-1.28269;,0.3;,,,,0
2024-07-05 15:12:38.504,0,0,0,-4.368,,-1.33926;,3.94088;,-1.28269;,0.3;,,,,0
2024-07-05 15:12:38.511,0,0,0,-4.368,,-1.33926;,3.94088;,-1.28269;,0.3;,,,,0
2024-07-05 15:12:38.519,0,0,0,-4.368,,-1.33926;,3.94088;,-1.28269;,0.3;,,,,0
2024-07-05 15:12:38.528,0,0,0,-4.368,,-1.33926;,3.94088;,-1.28269;,0.3;,,,,0
2024-07-05 15:12:38.536,0,0,0,-4.368,,-1.33926;,3.94088;,-1.28269;,0.3;,,,,0
2024-07-05 15:12:38.545,0,0,0,-4.368,,-1.33926;,3.94088;,-1.28269;,0.3;,,,,0
2024-07-05 15:12:38.554,0,0,0,-4.368,,-1.33926;,3.94088;,-1.28269;,0.3;,,,,0
2024-07-05 15:12:38.561,0,0,0,-4.368,,-1.33926;,3.94088;,-1.28269;,0.3;,,,,0
2024-07-05 15:12:38.570,0,0,0,-4.368,,-1.33926;,3.94088;,-1.28269;,0.3;,,,,0
2024-07-05 15:12:38.579,0,0,0,-4.368,,-1.33926;,3.94088;,-1.28269;,0.3;,,,,0
2024-07-05 15:12:38.587,0,0,0,-4.368,,-1.33926;,3.94088;,-1.28269;,0.3;,,,,0
2024-07-05 15:12:38.595,0,0,0,-4.368,,-1.33926;,3.94088;,-1.28269;,0.3;,,,,0
2024-07-05 15:12:38.603,0,0,0,-4.368,,-1.33926;,3.94088;,-1.28269;,0.3;,,,,0
2024-07-05 15:12:38.611,0,0,0,-4.368,,-1.33926;,3.94088;,-1.28269;,0.3;,,,,0
2024-07-05 15:12:38.620,0,0,0,-4.368,,-1.33926;,3.94088;,-1.28269;,0.3;,,,,0
2024-07-05 15:12:38.629,0,0,0,-4.368,,-1.33926;,3.94088;,-1.28269;,0.3;,,,,0
2024-07-05 15:12:38.637,0,0,0,-4.368,,-1.33926;,3.94088;,-1.28269;,0.3;,,,,0
2024-07-05 15:12:38.645,0,0,0,-4.368,,-1.33926;,3.94088;,-1.28269;,0.3;,,,,0
2024-07-05 15:12:38.654,0,0,0,-4.368,,-1.33926;,3.94088;,-1.28269;,0.3;,,,,0
2024-07-05 15:12:38.663,0,0,0,-4.368,,-1.33926;,3.94088;,-1.28269;,0.3;,,,,0
2024-07-05 15:12:38.671,0,0,0,-4.368,,-1.33926;,3.94088;,-1.28269;,0.3;,,,,0
2024-07-05 15:12:38.680,0,0,0,-4.368,,-1.33926;,3.94088;,-1.28269;,0.3;,,,,0
2024-07-05 15:12:38.690,0,0,0,-4.368,,-1.33926;,3.94088;,-1.28269;,0.3;,,,,0
2024-07-05 15:12:38.697,0,0,0,-4.368,,-1.33926;,3.94088;,-1.28269;,0.3;,,,,0
2024-07-05 15:12:38.704,0,0,0,-4.368,,-1.33926;,3.94088;,-1.28269;,0.3;,,,,0
2024-07-05 15:12:38.713,0,0,0,-4.368,,-1.33926;,3.94088;,-1.28269;,0.3;,,,,0
2024-07-05 15:12:38.721,0,0,0,-4.368,,-1.33926;,3.94088;,-1.28269;,0.3;,,,,0
2024-07-05 15:12:38.730,0,0,0,-4.368,,-1.33926;,3.94088;,-1.28269;,0.3;,,,,0
2024-07-05 15:12:38.739,0,0,0,-4.368,,-1.33926;,3.94088;,-1.28269;,0.3;,,,,0
2024-07-05 15:12:38.746,0,0,0,-4.368,,-1.33926;,3.94088;,-1.28269;,0.3;,,,,0
2024-07-05 15:12:38.755,0,0,0,-4.368,,-1.33926;,3.94088;,-1.28269;,0.3;,,,,0
2024-07-05 15:12:38.762,0,0,0,-4.368,,-1.33926;,3.94088;,-1.28269;,0.3;,,,,0
2024-07-05 15:12:38.770,0,0,0,-4.368,,-1.33926;,3.94088;,-1.28269;,0.3;,,,,0
2024-07-05 15:12:38.778,0,0,0,-4.368,,-1.33926;,3.94088;,-1.28269;,0.3;,,,,0
2024-07-05 15:12:38.787,0,0,0,-4.368,,-1.33926;,3.94088;,-1.28269;,0.3;,,,,0
2024-07-05 15:12:38.796,0,0,0,-4.368,,-1.33926;,3.94088;,-1.28269;,0.3;,,,,0
2024-07-05 15:12:38.803,0,0,0,-4.368,,-1.33926;,3.94088;,-1.28269;,0.3;,,,,0
2024-07-05 15:12:38.812,0,0,0,-4.368,,-1.33926;,3.94088;,-1.28269;,0.3;,,,,0
2024-07-05 15:12:38.820,0,0,0,-4.368,,-1.33926;,3.94088;,-1.28269;,0.3;,,,,0
2024-07-05 15:12:38.829,0,0,0,-4.368,,-1.33926;,3.94088;,-1.28269;,0.3;,,,,0
2024-07-05 15:12:38.836,0,0,0,-4.368,,-1.33926;,3.94088;,-1.28269;,0.3;,,,,0
2024-07-05 15:12:38.845,0,0,0,-4.368,,-1.33926;,3.94088;,-1.28269;,0.3;,,,,0
2024-07-05 15:12:38.854,0,0,0,-4.368,,-1.33926;,3.94088;,-1.28269;,0.3;,,,,0
2024-07-05 15:12:38.862,0,0,0,-4.368,,-1.33926;,3.94088;,-1.28269;,0.3;,,,,0
2024-07-05 15:12:38.873,0,0,0,-4.368,,-1.33926;,3.94088;,-1.28269;,0.3;,,,,0
2024-07-05 15:12:38.879,0,0,0,-4.368,,-1.33926;,3.94088;,-1.28269;,0.3;,,,,0
2024-07-05 15:12:38.887,0,0,0,-4.368,,-1.33926;,3.94088;,-1.28269;,0.3;,,,,0
2024-07-05 15:12:38.895,0,0,0,-4.368,,-1.33926;,3.94088;,-1.28269;,0.3;,,,,0
2024-07-05 15:12:38.904,0,0,0,-4.368,,-1.33926;,3.94088;,-1.28269;,0.3;,,,,0
2024-07-05 15:12:38.912,0,0,0,-4.368,,-1.33926;,3.94088;,-1.28269;,0.3;,,,,0
2024-07-05 15:12:38.921,0,0,0,-4.368,,-1.33926;,3.94088;,-1.28269;,0.3;,,,,0
2024-07-05 15:12:38.928,0,0,0,-4.368,,-1.33926;,3.94088;,-1.28269;,0.3;,,,,0
2024-07-05 15:12:38.936,0,0,0,-4.368,,-1.33926;,3.94088;,-1.28269;,0.3;,,,,0
2024-07-05 15:12:38.946,0,0,0,-4.368,,-1.33926;,3.94088;,-1.28269;,0.3;,,,,0
2024-07-05 15:12:38.954,0,0,0,-4.368,,-1.33926;,3.94088;,-1.28269;,0.3;,,,,0
2024-07-05 15:12:38.962,0,0,0,-4.368,,-1.33926;,3.94088;,-1.28269;,0.3;,,,,0
2024-07-05 15:12:38.972,0,0,0,-4.368,,-1.33926;,3.94088;,-1.28269;,0.3;,,,,0
2024-07-05 15:12:38.978,0,0,0,-4.368,,-1.33926;,3.94088;,-1.28269;,0.3;,,,,0
2024-07-05 15:12:38.987,0,0,0,-4.368,,-1.33926;,3.94088;,-1.28269;,0.3;,,,,0
2024-07-05 15:12:38.995,0,0,0,-4.368,,-1.33926;,3.94088;,-1.28269;,0.3;,,,,0
2024-07-05 15:12:39.004,0,0,0,-4.368,,-1.33926;,3.94088;,-1.28269;,0.3;,,,,0
2024-07-05 15:12:39.011,0,0,0,-4.368,,-1.33926;,3.94088;,-1.28269;,0.3;,,,,0
2024-07-05 15:12:39.021,0,0,0,-4.368,,-1.33926;,3.94088;,-1.28269;,0.3;,,,,0
2024-07-05 15:12:39.029,0,0,0,-4.368,,-1.33926;,3.94088;,-1.28269;,0.3;,,,,0
2024-07-05 15:12:39.037,0,0,0,-4.368,,-1.33926;,3.94088;,-1.28269;,0.3;,,,,0
2024-07-05 15:12:39.045,0,0,0,-4.368,,-1.33926;,3.94088;,-1.28269;,0.3;,,,,0
2024-07-05 15:12:39.054,0,0,0,-4.368,,-1.33926;,3.94088;,-1.28269;,0.3;,,,,0
2024-07-05 15:12:39.063,0,0,0,-4.368,,-1.33926;,3.94088;,-1.28269;,0.3;,,,,0
2024-07-05 15:12:39.071,0,0,0,-4.368,,-1.33926;,3.94088;,-1.28269;,0.3;,,,,0
2024-07-05 15:12:39.079,0,0,0,-4.368,,-1.33926;,3.94088;,-1.28269;,0.3;,,,,0
2024-07-05 15:12:39.087,0,0,0,-4.368,,-1.33926;,3.94088;,-1.28269;,0.3;,,,,0
2024-07-05 15:12:39.096,0,0,0,-4.368,,-1.33926;,3.94088;,-1.28269;,0.3;,,,,0
2024-07-05 15:12:39.104,0,0,0,-4.368,,-1.33926;,3.94088;,-1.28269;,0.3;,,,,0
2024-07-05 15:12:39.113,0,0,0,-4.368,,-1.33926;,3.94088;,-1.28269;,0.3;,,,,0
2024-07-05 15:12:39.121,0,0,0,-4.368,,-1.33926;,3.94088;,-1.28269;,0.3;,,,,0
2024-07-05 15:12:39.129,0,0,0,-4.368,,-1.33926;,3.94088;,-1.28269;,0.3;,,,,0
2024-07-05 15:12:39.137,0,0,0,-4.368,,-1.33926;,3.94088;,-1.28269;,0.3;,,,,0
2024-07-05 15:12:39.146,0,0,0,-4.368,,-1.33926;,3.94088;,-1.28269;,0.3;,,,,0
2024-07-05 15:12:39.154,0,0,0,-4.368,,-1.33926;,3.94088;,-1.28269;,0.3;,,,,0
2024-07-05 15:12:39.163,0,0,0,-4.368,,-1.33926;,3.94088;,-1.28269;,0.3;,,,,0
2024-07-05 15:12:39.170,0,0,0,-4.368,,-1.33926;,3.94088;,-1.28269;,0.3;,,,,0
2024-07-05 15:12:39.179,0,0,0,-4.368,,-1.33926;,3.94088;,-1.28269;,0.3;,,,,0
2024-07-05 15:12:39.189,0,0,0,-4.368,,-1.33926;,3.94088;,-1.28269;,0.3;,,,,0
2024-07-05 15:12:39.196,0,0,0,-4.368,,-1.33926;,3.94088;,-1.28269;,0.3;,,,,0
2024-07-05 15:12:39.206,0,0,0,-4.368,,-1.33926;,3.94088;,-1.28269;,0.3;,,,,0
2024-07-05 15:12:39.214,0,0,0,-4.368,,-1.33926;,3.94088;,-1.28269;,0.3;,,,,0
2024-07-05 15:12:39.222,0,0,0,-4.368,,-1.33926;,3.94088;,-1.28269;,0.3;,,,,0
2024-07-05 15:12:39.230,0,0,0,-4.368,,-1.33926;,3.94088;,-1.28269;,0.3;,,,,0
2024-07-05 15:12:39.238,0,0,0,-4.368,,-1.33926;,3.94088;,-1.28269;,0.3;,,,,0
2024-07-05 15:12:39.247,0,0,0,-4.368,,-1.33926;,3.94088;,-1.28269;,0.3;,,,,0
2024-07-05 15:12:39.256,0,0,0,-4.368,,-1.33926;,3.94088;,-1.28269;,0.3;,,,,0
2024-07-05 15:12:39.265,0,0,0,-4.368,,-1.33926;,3.94088;,-1.28269;,0.3;,,,,0
2024-07-05 15:12:39.272,0,0,0,-4.368,,-1.33926;,3.94088;,-1.28269;,0.3;,,,,0
2024-07-05 15:12:39.281,0,0,0,-4.368,,-1.33926;,3.94088;,-1.28269;,0.3;,,,,0
2024-07-05 15:12:39.290,0,0,0,-4.368,,-1.33926;,3.94088;,-1.28269;,0.3;,,,,0
2024-07-05 15:12:39.299,0,0,0,-4.368,,-1.33926;,3.94088;,-1.28269;,0.3;,,,,0
2024-07-05 15:12:39.305,0,0,0,-4.368,,-1.33926;,3.94088;,-1.28269;,0.3;,,,,0
2024-07-05 15:12:39.314,0,0,0,-4.368,,-1.33926;,3.94088;,-1.28269;,0.3;,,,,0
2024-07-05 15:12:39.322,0,0,0,-4.368,,-1.33926;,3.94088;,-1.28269;,0.3;,,,,0
2024-07-05 15:12:39.329,0,0,0,-4.368,,-1.33926;,3.94088;,-1.28269;,0.3;,,,,0
2024-07-05 15:12:39.337,0,0,0,-4.368,,-1.33926;,3.94088;,-1.28269;,0.3;,,,,0
2024-07-05 15:12:39.346,0,0,0,-4.368,,-1.33926;,3.94088;,-1.28269;,0.3;,,,,0
2024-07-05 15:12:39.355,0,0,0,-4.368,,-1.33926;,3.94088;,-1.28269;,0.3;,,,,0
2024-07-05 15:12:39.363,0,0,0,-4.368,,-1.33926;,3.94088;,-1.28269;,0.3;,,,,0
2024-07-05 15:12:39.373,0,0,0,-4.368,,-1.33926;,3.94088;,-1.28269;,0.3;,,,,0
2024-07-05 15:12:39.381,0,0,0,-4.368,,-1.33926;,3.94088;,-1.28269;,0.3;,,,,0
2024-07-05 15:12:39.389,0,0,0,-4.368,,-1.33926;,3.94088;,-1.28269;,0.3;,,,,0
2024-07-05 15:12:39.396,0,0,0,-4.368,,-1.33926;,3.94088;,-1.28269;,0.3;,,,,0
2024-07-05 15:12:39.406,0,0,0,-4.368,,-1.33926;,3.94088;,-1.28269;,0.3;,,,,0
2024-07-05 15:12:39.415,0,0,0,-4.368,,-1.33926;,3.94088;,-1.28269;,0.3;,,,,0
2024-07-05 15:12:39.421,0,0,0,-4.368,,-1.33926;,3.94088;,-1.28269;,0.3;,,,,0
2024-07-05 15:12:39.429,0,0,0,-4.368,,-1.33926;,3.94088;,-1.28269;,0.3;,,,,0
2024-07-05 15:12:39.438,0,0,0,-4.368,,-1.33926;,3.94088;,-1.28269;,0.3;,,,,0
2024-07-05 15:12:39.447,0,0,0,-4.368,,-1.33926;,3.94088;,-1.28269;,0.3;,,,,0
2024-07-05 15:12:39.455,0,0,0,-4.368,,-1.33926;,3.94088;,-1.28269;,0.3;,,,,0
2024-07-05 15:12:39.466,0,0,0,-4.368,,-1.33926;,3.94088;,-1.28269;,0.3;,,,,0
2024-07-05 15:12:39.472,0,0,0,-4.368,,-1.33926;,3.94088;,-1.28269;,0.3;,,,,0
2024-07-05 15:12:39.480,0,0,0,-4.368,,-1.33926;,3.94088;,-1.28269;,0.3;,,,,0
2024-07-05 15:12:39.487,0,0,0,-4.368,,-1.33926;,3.94088;,-1.28269;,0.3;,,,,0
2024-07-05 15:12:39.495,0,0,0,-4.368,,-1.33926;,3.94088;,-1.28269;,0.3;,,,,0
2024-07-05 15:12:39.513,0,0,0,-4.368,,-1.33926;,3.94088;,-1.28269;,0.3;,,,,0
2024-07-05 15:12:39.518,0,0,0,-4.368,,-1.33926;,3.94088;,-1.28269;,0.3;,,,,0
2024-07-05 15:12:39.525,0,0,0,-4.368,,-1.33926;,3.94088;,-1.28269;,0.3;,,,,0
2024-07-05 15:12:39.533,0,0,0,-4.368,,-1.33926;,3.94088;,-1.28269;,0.3;,,,,0
2024-07-05 15:12:39.541,0,0,0,-4.368,,-1.33926;,3.94088;,-1.28269;,0.3;,,,,0
2024-07-05 15:12:39.551,0,0,0,-4.368,,-1.33926;,3.94088;,-1.28269;,0.3;,,,,0
2024-07-05 15:12:39.559,0,0,0,-4.368,,-1.33926;,3.94088;,-1.28269;,0.3;,,,,0
2024-07-05 15:12:39.567,0,0,0,-4.368,,-1.33926;,3.94088;,-1.28269;,0.3;,,,,0
2024-07-05 15:12:39.575,0,0,0,-4.368,,-1.33926;,3.94088;,-1.28269;,0.3;,,,,0
2024-07-05 15:12:39.585,0,0,0,-4.368,,-1.33926;,3.94088;,-1.28269;,0.3;,,,,0
2024-07-05 15:12:39.592,0,0,0,-4.368,,-1.33926;,3.94088;,-1.28269;,0.3;,,,,0
2024-07-05 15:12:39.602,0,0,0,-4.368,,-1.33926;,3.94088;,-1.28269;,0.3;,,,,0
2024-07-05 15:12:39.610,0,0,0,-4.368,,-1.33926;,3.94088;,-1.28269;,0.3;,,,,0
2024-07-05 15:12:39.616,0,0,0,-4.368,,-1.33926;,3.94088;,-1.28269;,0.3;,,,,0
2024-07-05 15:12:39.625,0,0,0,-4.368,,-1.33926;,3.94088;,-1.28269;,0.3;,,,,0
2024-07-05 15:12:39.634,0,0,0,-4.368,,-1.33926;,3.94088;,-1.28269;,0.3;,,,,0
2024-07-05 15:12:39.642,0,0,0,-4.368,,-1.33926;,3.94088;,-1.28269;,0.3;,,,,0
2024-07-05 15:12:39.651,0,0,0,-4.368,,-1.33926;,3.94088;,-1.28269;,0.3;,,,,0
2024-07-05 15:12:39.659,0,0,0,-4.368,,-1.33926;,3.94088;,-1.28269;,0.3;,,,,0
2024-07-05 15:12:39.668,0,0,0,-4.368,,-1.33926;,3.94088;,-1.28269;,0.3;,,,,0
2024-07-05 15:12:39.675,0,0,0,-4.368,,-1.33926;,3.94088;,-1.28269;,0.3;,,,,0
2024-07-05 15:12:39.685,0,0,0,-4.368,,-1.33926;,3.94088;,-1.28269;,0.3;,,,,0
2024-07-05 15:12:39.692,0,0,0,-4.368,,-1.33926;,3.94088;,-1.28269;,0.3;,,,,0
2024-07-05 15:12:39.702,0,0,0,-4.368,,-1.33926;,3.94088;,-1.28269;,0.3;,,,,0
2024-07-05 15:12:39.709,0,0,0,-4.368,,-1.33926;,3.94088;,-1.28269;,0.3;,,,,0
2024-07-05 15:12:39.718,0,0,0,-4.368,,-1.33926;,3.94088;,-1.28269;,0.3;,,,,0
2024-07-05 15:12:39.729,0,0,0,-4.368,,-1.33926;,3.94088;,-1.28269;,0.3;,,,,0
2024-07-05 15:12:39.735,0,0,0,-4.368,,-1.33926;,3.94088;,-1.28269;,0.3;,,,,0
2024-07-05 15:12:39.742,0,0,0,-4.368,,-1.33926;,3.94088;,-1.28269;,0.3;,,,,0
2024-07-05 15:12:39.750,0,0,0,-4.368,,-1.33926;,3.94088;,-1.28269;,0.3;,,,,0
2024-07-05 15:12:39.759,0,0,0,-4.368,,-1.33926;,3.94088;,-1.28269;,0.3;,,,,0
2024-07-05 15:12:39.767,0,0,0,-4.368,,-1.33926;,3.94088;,-1.28269;,0.3;,,,,0
2024-07-05 15:12:39.776,0,0,0,-4.368,,-1.33926;,3.94088;,-1.28269;,0.3;,,,,0
2024-07-05 15:12:39.783,0,0,0,-4.368,,-1.33926;,3.94088;,-1.28269;,0.3;,,,,0
2024-07-05 15:12:39.791,0,0,0,-4.368,,-1.33926;,3.94088;,-1.28269;,0.3;,,,,0
2024-07-05 15:12:39.800,0,0,0,-4.368,,-1.33926;,3.94088;,-1.28269;,0.3;,,,,0
2024-07-05 15:12:39.808,0,0,0,-4.368,,-1.33926;,3.94088;,-1.28269;,0.3;,,,,0
2024-07-05 15:12:39.817,0,0,0,-4.368,,-1.33926;,3.94088;,-1.28269;,0.3;,,,,0
2024-07-05 15:12:39.825,0,0,0,-4.368,,-1.33926;,3.94088;,-1.28269;,0.3;,,,,0
2024-07-05 15:12:39.833,0,0,0,-4.368,,-1.33926;,3.94088;,-1.28269;,0.3;,,,,0
2024-07-05 15:12:39.842,0,0,0,-4.368,,-1.33926;,3.94088;,-1.28269;,0.3;,,,,0
2024-07-05 15:12:39.849,0,0,0,-4.368,,-1.33926;,3.94088;,-1.28269;,0.3;,,,,0
2024-07-05 15:12:39.858,0,0,0,-4.368,,-1.33926;,3.94088;,-1.28269;,0.3;,,,,0
2024-07-05 15:12:39.866,0,0,0,-4.368,,-1.33926;,3.94088;,-1.28269;,0.3;,,,,0
2024-07-05 15:12:39.876,0,0,0,-4.368,,-1.33926;,3.94088;,-1.28269;,0.3;,,,,0
2024-07-05 15:12:39.884,0,0,0,-4.368,,-1.33926;,3.94088;,-1.28269;,0.3;,,,,0
2024-07-05 15:12:39.891,0,0,0,-4.368,,-1.33926;,3.94088;,-1.28269;,0.3;,,,,0
2024-07-05 15:12:39.900,0,0,0,-4.368,,-1.33926;,3.94088;,-1.28269;,0.3;,,,,0
2024-07-05 15:12:39.908,0,0,0,-4.368,,-1.33926;,3.94088;,-1.28269;,0.3;,,,,0
2024-07-05 15:12:39.916,0,0,0,-4.368,,-1.33926;,3.94088;,-1.28269;,0.3;,,,,0
2024-07-05 15:12:39.925,0,0,0,-4.368,,-1.33926;,3.94088;,-1.28269;,0.3;,,,,0
2024-07-05 15:12:39.933,0,0,0,-4.368,,-1.33926;,3.94088;,-1.28269;,0.3;,,,,0
2024-07-05 15:12:39.941,0,0,0,-4.368,,-1.33926;,3.94088;,-1.28269;,0.3;,,,,0
2024-07-05 15:12:39.949,0,0,0,-4.368,,-1.33926;,3.94088;,-1.28269;,0.3;,,,,0
2024-07-05 15:12:39.959,0,0,0,-4.368,,-1.33926;,3.94088;,-1.28269;,0.3;,,,,0
2024-07-05 15:12:39.966,0,0,0,-4.368,,-1.33926;,3.94088;,-1.28269;,0.3;,,,,0
2024-07-05 15:12:39.975,0,0,0,-4.368,,-1.33926;,3.94088;,-1.28269;,0.3;,,,,0
2024-07-05 15:12:39.982,0,0,0,-4.368,,-1.33926;,3.94088;,-1.28269;,0.3;,,,,0
2024-07-05 15:12:39.991,0,0,0,-4.368,,-1.33926;,3.94088;,-1.28269;,0.3;,,,,0
2024-07-05 15:12:39.999,0,0,0,-4.368,,-1.33926;,3.94088;,-1.28269;,0.3;,,,,0
2024-07-05 15:12:40.008,0,0,0,-4.368,,-1.33926;,3.94088;,-1.28269;,0.3;,,,,0
2024-07-05 15:12:40.018,0,0,0,-4.368,,-1.33926;,3.94088;,-1.28269;,0.3;,,,,0
2024-07-05 15:12:40.025,0,0,0,-4.368,,-1.33926;,3.94088;,-1.28269;,0.3;,,,,0
2024-07-05 15:12:40.033,0,0,0,-4.368,,-1.33926;,3.94088;,-1.28269;,0.3;,,,,0
2024-07-05 15:12:40.042,0,0,0,-4.368,,-1.33926;,3.94088;,-1.28269;,0.3;,,,,0
2024-07-05 15:12:40.049,0,0,0,-4.368,,-1.33926;,3.94088;,-1.28269;,0.3;,,,,0
2024-07-05 15:12:40.058,0,0,0,-4.368,,-1.33926;,3.94088;,-1.28269;,0.3;,,,,0
2024-07-05 15:12:40.066,0,0,0,-4.368,,-1.33926;,3.94088;,-1.28269;,0.3;,,,,0
2024-07-05 15:12:40.075,0,0,0,-4.368,,-1.33926;,3.94088;,-1.28269;,0.3;,,,,0
2024-07-05 15:12:40.083,0,0,0,-4.368,,-1.33926;,3.94088;,-1.28269;,0.3;,,,,0
2024-07-05 15:12:40.092,0,0,0,-4.368,,-1.33926;,3.94088;,-1.28269;,0.3;,,,,0
2024-07-05 15:12:40.101,0,0,0,-4.368,,-1.33926;,3.94088;,-1.28269;,0.3;,,,,0
2024-07-05 15:12:40.109,0,0,0,-4.368,,-1.33926;,3.94088;,-1.28269;,0.3;,,,,0
2024-07-05 15:12:40.118,0,0,0,-4.368,,-1.33926;,3.94088;,-1.28269;,0.3;,,,,0
2024-07-05 15:12:40.126,0,0,0,-4.368,,-1.33926;,3.94088;,-1.28269;,0.3;,,,,0
2024-07-05 15:12:40.135,0,0,0,-4.368,,-1.33926;,3.94088;,-1.28269;,0.3;,,,,0
2024-07-05 15:12:40.141,0,0,0,-4.368,,-1.33926;,3.94088;,-1.28269;,0.3;,,,,0
2024-07-05 15:12:40.151,0,0,0,-4.368,,-1.33926;,3.94088;,-1.28269;,0.3;,,,,0
2024-07-05 15:12:40.158,0,0,0,-4.368,,-1.33926;,3.94088;,-1.28269;,0.3;,,,,0
2024-07-05 15:12:40.167,0,0,0,-4.368,,-1.33926;,3.94088;,-1.28269;,0.3;,,,,0
2024-07-05 15:12:40.175,0,0,0,-4.368,,-1.33926;,3.94088;,-1.28269;,0.3;,,,,0
2024-07-05 15:12:40.183,0,0,0,-4.368,,-1.33926;,3.94088;,-1.28269;,0.3;,,,,0
2024-07-05 15:12:40.190,0,0,0,-4.368,,-1.33926;,3.94088;,-1.28269;,0.3;,,,,0
2024-07-05 15:12:40.199,0,0,0,-4.368,,-1.33926;,3.94088;,-1.28269;,0.3;,,,,0
2024-07-05 15:12:40.207,0,0,0,-4.368,,-1.33926;,3.94088;,-1.28269;,0.3;,,,,0
2024-07-05 15:12:40.216,0,0,0,-4.368,,-1.33926;,3.94088;,-1.28269;,0.3;,,,,0
2024-07-05 15:12:40.226,0,0,0,-4.368,,-1.33926;,3.94088;,-1.28269;,0.3;,,,,0
2024-07-05 15:12:40.233,0,0,0,-4.368,,-1.33926;,3.94088;,-1.28269;,0.3;,,,,0
2024-07-05 15:12:40.242,0,0,0,-4.368,,-1.33926;,3.94088;,-1.28269;,0.3;,,,,0
2024-07-05 15:12:40.249,0,0,0,-4.368,,-1.33926;,3.94088;,-1.28269;,0.3;,,,,0
2024-07-05 15:12:40.259,0,0,0,-4.368,,-1.33926;,3.94088;,-1.28269;,0.3;,,,,0
2024-07-05 15:12:40.266,0,0,0,-4.368,,-1.33926;,3.94088;,-1.28269;,0.3;,,,,0
2024-07-05 15:12:40.275,0,0,0,-4.368,,-1.33926;,3.94088;,-1.28269;,0.3;,,,,0
2024-07-05 15:12:40.283,0,0,0,-4.368,,-1.33926;,3.94088;,-1.28269;,0.3;,,,,0
2024-07-05 15:12:40.295,0,0,0,-4.368,,-1.33926;,3.94088;,-1.28269;,0.3;,,,,0
2024-07-05 15:12:40.302,0,0,0,-4.368,,-1.33926;,3.94088;,-1.28269;,0.3;,,,,0
2024-07-05 15:12:40.311,0,0,0,-4.368,,-1.33926;,3.94088;,-1.28269;,0.3;,,,,0
2024-07-05 15:12:40.318,0,0,0,-4.368,,-1.33926;,3.94088;,-1.28269;,0.3;,,,,0
2024-07-05 15:12:40.326,0,0,0,-4.368,,-1.33926;,3.94088;,-1.28269;,0.3;,,,,0
2024-07-05 15:12:40.335,0,0,0,-4.368,,-1.33926;,3.94088;,-1.28269;,0.3;,,,,0
2024-07-05 15:12:40.343,0,0,0,-4.368,,-1.33926;,3.94088;,-1.28269;,0.3;,,,,0
2024-07-05 15:12:40.352,0,0,0,-4.368,,-1.33926;,3.94088;,-1.28269;,0.3;,,,,0
2024-07-05 15:12:40.358,0,0,0,-4.368,,-1.33926;,3.94088;,-1.28269;,0.3;,,,,0
2024-07-05 15:12:40.367,0,0,0,-4.368,,-1.33926;,3.94088;,-1.28269;,0.3;,,,,0
2024-07-05 15:12:40.375,0,0,0,-4.368,,-1.33926;,3.94088;,-1.28269;,0.3;,,,,0
2024-07-05 15:12:40.382,0,0,0,-4.368,,-1.33926;,3.94088;,-1.28269;,0.3;,,,,0
2024-07-05 15:12:40.391,0,0,0,-4.368,,-1.33926;,3.94088;,-1.28269;,0.3;,,,,0
2024-07-05 15:12:40.400,0,0,0,-4.368,,-1.33926;,3.94088;,-1.28269;,0.3;,,,,0
2024-07-05 15:12:40.408,0,0,0,-4.368,,-1.33926;,3.94088;,-1.28269;,0.3;,,,,0
2024-07-05 15:12:40.416,0,0,0,-4.368,,-1.33926;,3.94088;,-1.28269;,0.3;,,,,0
2024-07-05 15:12:40.424,0,0,0,-4.368,,-1.33926;,3.94088;,-1.28269;,0.3;,,,,0
2024-07-05 15:12:40.432,0,0,0,-4.368,,-1.33926;,3.94088;,-1.28269;,0.3;,,,,0
2024-07-05 15:12:40.441,0,0,0,-4.368,,-1.33926;,3.94088;,-1.28269;,0.3;,,,,0
2024-07-05 15:12:40.450,0,0,0,-4.368,,-1.33926;,3.94088;,-1.28269;,0.3;,,,,0
2024-07-05 15:12:40.459,0,0,0,-4.368,,-1.33926;,3.94088;,-1.28269;,0.3;,,,,0
2024-07-05 15:12:40.466,0,0,0,-4.368,,-1.33926;,3.94088;,-1.28269;,0.3;,,,,0
2024-07-05 15:12:40.475,0,0,0,-4.368,,-1.33926;,3.94088;,-1.28269;,0.3;,,,,0
2024-07-05 15:12:40.482,0,0,0,-4.368,,-1.33926;,3.94088;,-1.28269;,0.3;,,,,0
2024-07-05 15:12:40.492,0,0,0,-4.368,,-1.33926;,3.94088;,-1.28269;,0.3;,,,,0
2024-07-05 15:12:40.500,0,0,0,-4.368,,-1.33926;,3.94088;,-1.28269;,0.3;,,,,0
2024-07-05 15:12:40.512,0,0,0,-4.368,,-1.33926;,3.94088;,-1.28269;,0.3;,,,,0
