Time,PlayerX,PlayerY,HazardX,HazardY,GameState
2024-07-08 13:57:07.380,0,0,0,0,0
2024-07-08 13:57:07.381,0,0,0,0,3
2024-07-08 13:57:07.381,0,0,0,0,1
2024-07-08 13:57:07.405,0,0,-12.27,-5.61,3
2024-07-08 13:57:07.406,0,0,-12.27,-5.61,1
2024-07-08 13:57:07.413,0,0,-12.27,-5.61,3
2024-07-08 13:57:07.414,0,0,-12.27,-5.61,1
2024-07-08 13:57:07.423,0,-2.184,-12.27,-5.61,0
2024-07-08 13:57:07.427,0,-2.184,-12.27,-5.61,3
2024-07-08 13:57:07.427,0,-2.184,-12.27,-5.61,1
2024-07-08 13:57:07.430,0,0,0,-2.75,3
2024-07-08 13:57:07.430,0,0,0,-2.75,1
2024-07-08 13:57:07.433,0,0,0,-2.75,3
2024-07-08 13:57:07.434,0,0,0,-2.75,1
2024-07-08 13:57:07.437,0,0,0,-2.75,3
2024-07-08 13:57:07.437,0,0,0,-2.75,1
2024-07-08 13:57:07.439,0,0,0,-2.75,3
2024-07-08 13:57:07.439,0,0,0,-2.75,1
2024-07-08 13:57:07.442,0,0,0,-2.75,3
2024-07-08 13:57:07.442,0,0,0,-2.75,1
2024-07-08 13:57:07.445,0,0,0,-2.75,3
2024-07-08 13:57:07.446,0,0,0,-2.75,1
2024-07-08 13:57:07.447,0,0,0,-2.75,3
2024-07-08 13:57:07.449,0,0,0,-2.75,1
2024-07-08 13:57:07.451,0,0,0,-2.75,3
2024-07-08 13:57:07.451,0,0,0,-2.75,1
2024-07-08 13:57:07.453,0,-2.184,0,-2.75,0
2024-07-08 13:57:07.455,0,-2.184,0,-2.75,3
2024-07-08 13:57:07.455,0,-2.184,0,-2.75,1
2024-07-08 13:57:07.458,0,0,0,-2.35,3
2024-07-08 13:57:07.459,0,0,0,-2.35,1
2024-07-08 13:57:07.463,0,0,0,-2.35,3
2024-07-08 13:57:07.464,0,0,0,-2.35,1
2024-07-08 13:57:07.470,0,0,0,-2.35,3
2024-07-08 13:57:07.470,0,0,0,-2.35,1
2024-07-08 13:57:07.476,0,0,0,-2.35,3
2024-07-08 13:57:07.477,0,0,0,-2.35,1
2024-07-08 13:57:07.481,0,0,0,-2.35,3
2024-07-08 13:57:07.481,0,0,0,-2.35,1
2024-07-08 13:57:07.485,0,0,0,-2.35,3
2024-07-08 13:57:07.485,0,0,0,-2.35,1
2024-07-08 13:57:07.488,0,0,0,-2.35,3
2024-07-08 13:57:07.488,0,0,0,-2.35,1
2024-07-08 13:57:07.491,0,0,0,-2.35,3
2024-07-08 13:57:07.491,0,0,0,-2.35,1
2024-07-08 13:57:07.495,0,-2.184,0,-2.35,0
2024-07-08 13:57:07.496,0,-2.184,0,-2.35,3
2024-07-08 13:57:07.496,0,-2.184,0,-2.35,1
2024-07-08 13:57:07.499,0,0,0,-1.95,3
2024-07-08 13:57:07.500,0,0,0,-1.95,1
2024-07-08 13:57:07.502,0,0,0,-1.95,3
2024-07-08 13:57:07.503,0,0,0,-1.95,1
2024-07-08 13:57:07.506,0,0,0,-1.95,3
2024-07-08 13:57:07.507,0,0,0,-1.95,1
2024-07-08 13:57:07.510,0,0,0,-1.95,3
2024-07-08 13:57:07.511,0,0,0,-1.95,1
2024-07-08 13:57:07.514,0,0,0,-1.95,3
2024-07-08 13:57:07.515,0,0,0,-1.95,1
2024-07-08 13:57:07.519,0,0,0,-1.95,3
2024-07-08 13:57:07.520,0,0,0,-1.95,1
2024-07-08 13:57:07.525,0,0,0,-1.95,3
2024-07-08 13:57:07.526,0,0,0,-1.95,1
2024-07-08 13:57:07.531,0,0,0,-1.95,3
2024-07-08 13:57:07.532,0,0,0,-1.95,1
2024-07-08 13:57:07.537,0,-2.184,0,-1.95,0
2024-07-08 13:57:07.540,0,-2.184,0,-1.95,3
2024-07-08 13:57:07.541,0,-2.184,0,-1.95,1
2024-07-08 13:57:07.545,0,0,0,-1.55,3
2024-07-08 13:57:07.546,0,0,0,-1.55,1
2024-07-08 13:57:07.553,0,0,0,-1.55,3
2024-07-08 13:57:07.554,0,0,0,-1.55,1
2024-07-08 13:57:07.560,0,0,0,-1.55,3
2024-07-08 13:57:07.561,0,0,0,-1.55,1
2024-07-08 13:57:07.571,0,0,0,-1.55,3
2024-07-08 13:57:07.571,0,0,0,-1.55,1
2024-07-08 13:57:07.576,0,-2.184,0,-1.55,0
2024-07-08 13:57:07.577,0,-2.184,0,-1.55,3
2024-07-08 13:57:07.578,0,-2.184,0,-1.55,1
2024-07-08 13:57:07.582,0,0,0,-1.15,3
2024-07-08 13:57:07.583,0,0,0,-1.15,1
2024-07-08 13:57:07.589,0,0,0,-1.15,3
2024-07-08 13:57:07.590,0,0,0,-1.15,1
2024-07-08 13:57:07.592,0,0,0,-1.15,3
2024-07-08 13:57:07.592,0,0,0,-1.15,1
2024-07-08 13:57:07.597,0,0,0,-1.15,3
2024-07-08 13:57:07.598,0,0,0,-1.15,1
2024-07-08 13:57:07.603,0,0,0,-1.15,3
2024-07-08 13:57:07.604,0,0,0,-1.15,1
2024-07-08 13:57:07.608,0,0,0,-1.15,3
2024-07-08 13:57:07.609,0,0,0,-1.15,1
2024-07-08 13:57:07.617,0,-2.184,0,-1.15,0
2024-07-08 13:57:07.618,0,-2.184,0,-1.15,3
2024-07-08 13:57:07.620,0,-2.184,0,-1.15,1
2024-07-08 13:57:07.623,0,0,0,-0.75,3
2024-07-08 13:57:07.623,0,0,0,-0.75,1
2024-07-08 13:57:07.629,0,0,0,-0.75,3
2024-07-08 13:57:07.630,0,0,0,-0.75,1
2024-07-08 13:57:07.633,0,0,0,-0.75,3
2024-07-08 13:57:07.634,0,0,0,-0.75,1
2024-07-08 13:57:07.636,0,0,0,-0.75,3
2024-07-08 13:57:07.636,0,0,0,-0.75,1
2024-07-08 13:57:07.639,0,0,0,-0.75,3
2024-07-08 13:57:07.639,0,0,0,-0.75,1
2024-07-08 13:57:07.642,0,0,0,-0.75,3
2024-07-08 13:57:07.644,0,0,0,-0.75,1
2024-07-08 13:57:07.646,0,0,0,-0.75,3
2024-07-08 13:57:07.646,0,0,0,-0.75,1
2024-07-08 13:57:07.649,0,0,0,-0.75,3
2024-07-08 13:57:07.650,0,0,0,-0.75,1
2024-07-08 13:57:07.652,0,0,0,-0.75,3
2024-07-08 13:57:07.652,0,0,0,-0.75,1
2024-07-08 13:57:07.654,0,-2.184,0,-0.75,0
2024-07-08 13:57:07.656,0,-2.184,0,-0.75,3
2024-07-08 13:57:07.656,0,-2.184,0,-0.75,1
2024-07-08 13:57:07.658,0,0,0,-0.35,3
2024-07-08 13:57:07.659,0,0,0,-0.35,1
2024-07-08 13:57:07.661,0,0,0,-0.35,3
2024-07-08 13:57:07.662,0,0,0,-0.35,1
2024-07-08 13:57:07.663,0,0,0,-0.35,3
2024-07-08 13:57:07.664,0,0,0,-0.35,1
2024-07-08 13:57:07.666,0,0,0,-0.35,3
2024-07-08 13:57:07.667,0,0,0,-0.35,1
2024-07-08 13:57:07.670,0,0,0,-0.35,3
2024-07-08 13:57:07.670,0,0,0,-0.35,1
2024-07-08 13:57:07.673,0,0,0,-0.35,3
2024-07-08 13:57:07.673,0,0,0,-0.35,1
2024-07-08 13:57:07.676,0,0,0,-0.35,3
2024-07-08 13:57:07.677,0,0,0,-0.35,1
2024-07-08 13:57:07.681,0,0,0,-0.35,3
2024-07-08 13:57:07.681,0,0,0,-0.35,1
2024-07-08 13:57:07.683,0,0,0,-0.35,3
2024-07-08 13:57:07.684,0,0,0,-0.35,1
2024-07-08 13:57:07.686,0,0,0,-0.35,3
2024-07-08 13:57:07.687,0,0,0,-0.35,1
2024-07-08 13:57:07.689,0,0,0,-0.35,3
2024-07-08 13:57:07.690,0,0,0,-0.35,1
2024-07-08 13:57:07.692,0,0,0,-0.35,3
2024-07-08 13:57:07.692,0,0,0,-0.35,1
2024-07-08 13:57:07.695,0,-2.184,0,-0.35,0
2024-07-08 13:57:07.697,0,-2.184,0,-0.35,3
2024-07-08 13:57:07.697,0,-2.184,0,-0.35,1
2024-07-08 13:57:07.700,0,0,0,0.04999995,3
2024-07-08 13:57:07.700,0,0,0,0.04999995,1
2024-07-08 13:57:07.703,0,0,0,0.04999995,3
2024-07-08 13:57:07.703,0,0,0,0.04999995,1
2024-07-08 13:57:07.707,0,0,0,0.04999995,3
2024-07-08 13:57:07.707,0,0,0,0.04999995,1
2024-07-08 13:57:07.711,0,0,0,0.04999995,3
2024-07-08 13:57:07.711,0,0,0,0.04999995,1
2024-07-08 13:57:07.714,0,0,0,0.04999995,3
2024-07-08 13:57:07.714,0,0,0,0.04999995,1
2024-07-08 13:57:07.716,0,0,0,0.04999995,3
2024-07-08 13:57:07.717,0,0,0,0.04999995,1
2024-07-08 13:57:07.720,0,0,0,0.04999995,3
2024-07-08 13:57:07.720,0,0,0,0.04999995,1
2024-07-08 13:57:07.723,0,0,0,0.04999995,3
2024-07-08 13:57:07.723,0,0,0,0.04999995,1
2024-07-08 13:57:07.726,0,0,0,0.04999995,3
2024-07-08 13:57:07.726,0,0,0,0.04999995,1
2024-07-08 13:57:07.728,0,0,0,0.04999995,3
2024-07-08 13:57:07.729,0,0,0,0.04999995,1
2024-07-08 13:57:07.731,0,0,0,0.04999995,3
2024-07-08 13:57:07.732,0,0,0,0.04999995,1
2024-07-08 13:57:07.733,0,-2.184,0,0.04999995,0
2024-07-08 13:57:07.735,0,-2.184,0,0.04999995,3
2024-07-08 13:57:07.735,0,-2.184,0,0.04999995,1
2024-07-08 13:57:07.738,0,0,0,0.4499999,3
2024-07-08 13:57:07.740,0,0,0,0.4499999,1
2024-07-08 13:57:07.742,0,0,0,0.4499999,3
2024-07-08 13:57:07.743,0,0,0,0.4499999,1
2024-07-08 13:57:07.745,0,0,0,0.4499999,3
2024-07-08 13:57:07.745,0,0,0,0.4499999,1
2024-07-08 13:57:07.747,0,0,0,0.4499999,3
2024-07-08 13:57:07.748,0,0,0,0.4499999,1
2024-07-08 13:57:07.749,0,0,0,0.4499999,3
2024-07-08 13:57:07.751,0,0,0,0.4499999,1
2024-07-08 13:57:07.753,0,0,0,0.4499999,3
2024-07-08 13:57:07.753,0,0,0,0.4499999,1
2024-07-08 13:57:07.756,0,0,0,0.4499999,3
2024-07-08 13:57:07.756,0,0,0,0.4499999,1
2024-07-08 13:57:07.759,0,0,0,0.4499999,3
2024-07-08 13:57:07.759,0,0,0,0.4499999,1
2024-07-08 13:57:07.761,0,0,0,0.4499999,3
2024-07-08 13:57:07.762,0,0,0,0.4499999,1
2024-07-08 13:57:07.764,0,0,0,0.4499999,3
2024-07-08 13:57:07.765,0,0,0,0.4499999,1
2024-07-08 13:57:07.768,0,0,0,0.4499999,3
2024-07-08 13:57:07.769,0,0,0,0.4499999,1
2024-07-08 13:57:07.771,0,0,0,0.4499999,3
2024-07-08 13:57:07.772,0,0,0,0.4499999,1
2024-07-08 13:57:07.774,0,-2.184,0,0.4499999,0
2024-07-08 13:57:07.774,0,-2.184,0,0.4499999,3
2024-07-08 13:57:07.776,0,-2.184,0,0.4499999,1
2024-07-08 13:57:07.778,0,0,0,0.8499999,3
2024-07-08 13:57:07.779,0,0,0,0.8499999,1
2024-07-08 13:57:07.781,0,0,0,0.8499999,3
2024-07-08 13:57:07.783,0,0,0,0.8499999,1
2024-07-08 13:57:07.786,0,0,0,0.8499999,3
2024-07-08 13:57:07.787,0,0,0,0.8499999,1
2024-07-08 13:57:07.790,0,0,0,0.8499999,3
2024-07-08 13:57:07.791,0,0,0,0.8499999,1
2024-07-08 13:57:07.794,0,0,0,0.8499999,3
2024-07-08 13:57:07.794,0,0,0,0.8499999,1
2024-07-08 13:57:07.796,0,0,0,0.8499999,3
2024-07-08 13:57:07.796,0,0,0,0.8499999,1
2024-07-08 13:57:07.798,0,0,0,0.8499999,3
2024-07-08 13:57:07.798,0,0,0,0.8499999,1
2024-07-08 13:57:07.800,0,0,0,0.8499999,3
2024-07-08 13:57:07.800,0,0,0,0.8499999,1
2024-07-08 13:57:07.804,0,0,0,0.8499999,3
2024-07-08 13:57:07.805,0,0,0,0.8499999,1
2024-07-08 13:57:07.807,0,0,0,0.8499999,3
2024-07-08 13:57:07.807,0,0,0,0.8499999,1
2024-07-08 13:57:07.809,0,0,0,0.8499999,3
2024-07-08 13:57:07.810,0,0,0,0.8499999,1
2024-07-08 13:57:07.811,0,0,0,0.8499999,3
2024-07-08 13:57:07.813,0,0,0,0.8499999,1
2024-07-08 13:57:07.816,0,-2.184,0,0.8499999,0
2024-07-08 13:57:07.818,0,-2.184,0,0.8499999,3
2024-07-08 13:57:07.818,0,-2.184,0,0.8499999,1
2024-07-08 13:57:07.821,0,0,0,1.25,3
2024-07-08 13:57:07.821,0,0,0,1.25,1
2024-07-08 13:57:07.824,0,0,0,1.25,3
2024-07-08 13:57:07.824,0,0,0,1.25,1
2024-07-08 13:57:07.828,0,0,0,1.25,3
2024-07-08 13:57:07.829,0,0,0,1.25,1
2024-07-08 13:57:07.832,0,0,0,1.25,3
2024-07-08 13:57:07.833,0,0,0,1.25,1
2024-07-08 13:57:07.836,0,0,0,1.25,3
2024-07-08 13:57:07.837,0,0,0,1.25,1
2024-07-08 13:57:07.839,0,0,0,1.25,3
2024-07-08 13:57:07.840,0,0,0,1.25,1
2024-07-08 13:57:07.842,0,0,0,1.25,3
2024-07-08 13:57:07.843,0,0,0,1.25,1
2024-07-08 13:57:07.846,0,0,0,1.25,3
2024-07-08 13:57:07.847,0,0,0,1.25,1
2024-07-08 13:57:07.850,0,0,0,1.25,3
2024-07-08 13:57:07.852,0,0,0,1.25,1
2024-07-08 13:57:07.853,0,-2.184,0,1.25,0
2024-07-08 13:57:07.855,0,-2.184,0,1.25,3
2024-07-08 13:57:07.855,0,-2.184,0,1.25,1
2024-07-08 13:57:07.857,0,0,0,1.65,3
2024-07-08 13:57:07.858,0,0,0,1.65,1
2024-07-08 13:57:07.860,0,0,0,1.65,3
2024-07-08 13:57:07.860,0,0,0,1.65,1
2024-07-08 13:57:07.864,0,0,0,1.65,3
2024-07-08 13:57:07.864,0,0,0,1.65,1
2024-07-08 13:57:07.867,0,0,0,1.65,3
2024-07-08 13:57:07.867,0,0,0,1.65,1
2024-07-08 13:57:07.870,0,0,0,1.65,3
2024-07-08 13:57:07.870,0,0,0,1.65,1
2024-07-08 13:57:07.872,0,0,0,1.65,3
2024-07-08 13:57:07.873,0,0,0,1.65,1
2024-07-08 13:57:07.876,0,0,0,1.65,3
2024-07-08 13:57:07.876,0,0,0,1.65,1
2024-07-08 13:57:07.878,0,0,0,1.65,3
2024-07-08 13:57:07.878,0,0,0,1.65,1
2024-07-08 13:57:07.881,0,0,0,1.65,3
2024-07-08 13:57:07.882,0,0,0,1.65,1
2024-07-08 13:57:07.883,0,0,0,1.65,3
2024-07-08 13:57:07.884,0,0,0,1.65,1
2024-07-08 13:57:07.887,0,0,0,1.65,3
2024-07-08 13:57:07.887,0,0,0,1.65,1
2024-07-08 13:57:07.890,0,0,0,1.65,3
2024-07-08 13:57:07.890,0,0,0,1.65,1
2024-07-08 13:57:07.894,0,0,0,1.65,3
2024-07-08 13:57:07.895,0,0,0,1.65,1
2024-07-08 13:57:07.898,0,-2.184,0,1.65,0
2024-07-08 13:57:07.899,0,-2.184,0,1.65,3
2024-07-08 13:57:07.899,0,-2.184,0,1.65,1
2024-07-08 13:57:07.902,0,0,0,2.05,3
2024-07-08 13:57:07.902,0,0,0,2.05,1
2024-07-08 13:57:07.905,0,0,0,2.05,3
2024-07-08 13:57:07.905,0,0,0,2.05,1
2024-07-08 13:57:07.907,0,0,0,2.05,3
2024-07-08 13:57:07.908,0,0,0,2.05,1
2024-07-08 13:57:07.909,0,0,0,2.05,3
2024-07-08 13:57:07.910,0,0,0,2.05,1
2024-07-08 13:57:07.912,0,0,0,2.05,3
2024-07-08 13:57:07.913,0,0,0,2.05,1
2024-07-08 13:57:07.915,0,0,0,2.05,3
2024-07-08 13:57:07.916,0,0,0,2.05,1
2024-07-08 13:57:07.918,0,0,0,2.05,3
2024-07-08 13:57:07.919,0,0,0,2.05,1
2024-07-08 13:57:07.921,0,0,0,2.05,3
2024-07-08 13:57:07.921,0,0,0,2.05,1
2024-07-08 13:57:07.923,0,0,0,2.05,3
2024-07-08 13:57:07.924,0,0,0,2.05,1
2024-07-08 13:57:07.926,0,0,0,2.05,3
2024-07-08 13:57:07.926,0,0,0,2.05,1
2024-07-08 13:57:07.929,0,0,0,2.05,3
2024-07-08 13:57:07.930,0,0,0,2.05,1
2024-07-08 13:57:07.931,0,0,0,2.05,3
2024-07-08 13:57:07.932,0,0,0,2.05,1
2024-07-08 13:57:07.934,0,-2.184,0,2.05,0
2024-07-08 13:57:07.935,0,-2.184,0,2.05,3
2024-07-08 13:57:07.936,0,-2.184,0,2.05,1
2024-07-08 13:57:07.939,0,0,0,2.45,3
2024-07-08 13:57:07.939,0,0,0,2.45,1
2024-07-08 13:57:07.942,0,0,0,2.45,3
2024-07-08 13:57:07.942,0,0,0,2.45,1
2024-07-08 13:57:07.945,0,0,0,2.45,3
2024-07-08 13:57:07.945,0,0,0,2.45,1
2024-07-08 13:57:07.948,0,0,0,2.45,3
2024-07-08 13:57:07.949,0,0,0,2.45,1
2024-07-08 13:57:07.951,0,0,0,2.45,3
2024-07-08 13:57:07.952,0,0,0,2.45,1
2024-07-08 13:57:07.954,0,0,0,2.45,3
2024-07-08 13:57:07.956,0,0,0,2.45,1
2024-07-08 13:57:07.959,0,0,0,2.45,3
2024-07-08 13:57:07.959,0,0,0,2.45,1
2024-07-08 13:57:07.961,0,0,0,2.45,3
2024-07-08 13:57:07.961,0,0,0,2.45,1
2024-07-08 13:57:07.964,0,0,0,2.45,3
2024-07-08 13:57:07.964,0,0,0,2.45,1
2024-07-08 13:57:07.966,0,0,0,2.45,3
2024-07-08 13:57:07.967,0,0,0,2.45,1
2024-07-08 13:57:07.971,0,0,0,2.45,3
2024-07-08 13:57:07.971,0,0,0,2.45,1
2024-07-08 13:57:07.974,0,0,0,2.45,3
2024-07-08 13:57:07.974,0,0,0,2.45,1
2024-07-08 13:57:07.976,0,-2.184,0,2.45,0
2024-07-08 13:57:07.977,0,-2.184,0,2.45,3
2024-07-08 13:57:07.977,0,-2.184,0,2.45,1
2024-07-08 13:57:07.979,0,0,0,2.85,3
2024-07-08 13:57:07.980,0,0,0,2.85,1
2024-07-08 13:57:07.983,0,0,0,2.85,3
2024-07-08 13:57:07.983,0,0,0,2.85,1
2024-07-08 13:57:07.986,0,0,0,2.85,3
2024-07-08 13:57:07.986,0,0,0,2.85,1
2024-07-08 13:57:07.989,0,0,0,2.85,3
2024-07-08 13:57:07.989,0,0,0,2.85,1
2024-07-08 13:57:07.991,0,0,0,2.85,3
2024-07-08 13:57:07.992,0,0,0,2.85,1
2024-07-08 13:57:07.994,0,0,0,2.85,3
2024-07-08 13:57:07.994,0,0,0,2.85,1
2024-07-08 13:57:07.996,0,0,0,2.85,3
2024-07-08 13:57:07.997,0,0,0,2.85,1
2024-07-08 13:57:07.999,0,0,0,2.85,3
2024-07-08 13:57:07.999,0,0,0,2.85,1
2024-07-08 13:57:08.003,0,0,0,2.85,3
2024-07-08 13:57:08.003,0,0,0,2.85,1
2024-07-08 13:57:08.006,0,0,0,2.85,3
2024-07-08 13:57:08.007,0,0,0,2.85,1
2024-07-08 13:57:08.008,0,0,0,2.85,3
2024-07-08 13:57:08.009,0,0,0,2.85,1
2024-07-08 13:57:08.011,0,0,0,2.85,3
2024-07-08 13:57:08.012,0,0,0,2.85,1
2024-07-08 13:57:08.014,0,-2.184,0,2.85,0
2024-07-08 13:57:08.016,0,-2.184,0,2.85,3
2024-07-08 13:57:08.016,0,-2.184,0,2.85,1
2024-07-08 13:57:08.018,0,0,0,3.25,3
2024-07-08 13:57:08.018,0,0,0,3.25,1
2024-07-08 13:57:08.022,0,0,0,3.25,3
2024-07-08 13:57:08.022,0,0,0,3.25,1
2024-07-08 13:57:08.024,0,0,0,3.25,3
2024-07-08 13:57:08.025,0,0,0,3.25,1
2024-07-08 13:57:08.028,0,0,0,3.25,3
2024-07-08 13:57:08.028,0,0,0,3.25,1
2024-07-08 13:57:08.032,0,0,0,3.25,3
2024-07-08 13:57:08.032,0,0,0,3.25,1
2024-07-08 13:57:08.035,0,0,0,3.25,3
2024-07-08 13:57:08.036,0,0,0,3.25,1
2024-07-08 13:57:08.038,0,0,0,3.25,3
2024-07-08 13:57:08.038,0,0,0,3.25,1
2024-07-08 13:57:08.040,0,0,0,3.25,3
2024-07-08 13:57:08.041,0,0,0,3.25,1
2024-07-08 13:57:08.042,0,0,0,3.25,3
2024-07-08 13:57:08.043,0,0,0,3.25,1
2024-07-08 13:57:08.046,0,0,0,3.25,3
2024-07-08 13:57:08.046,0,0,0,3.25,1
2024-07-08 13:57:08.048,0,0,0,3.25,3
2024-07-08 13:57:08.049,0,0,0,3.25,1
2024-07-08 13:57:08.052,0,0,0,3.25,3
2024-07-08 13:57:08.052,0,0,0,3.25,1
2024-07-08 13:57:08.054,0,-2.184,0,3.25,0
2024-07-08 13:57:08.055,0,-2.184,0,3.25,3
2024-07-08 13:57:08.056,0,-2.184,0,3.25,1
2024-07-08 13:57:08.058,0,0,0,-2.75,3
2024-07-08 13:57:08.058,0,0,0,-2.75,1
2024-07-08 13:57:08.061,0,0,0,-2.75,3
2024-07-08 13:57:08.062,0,0,0,-2.75,1
2024-07-08 13:57:08.064,0,0,0,-2.75,3
2024-07-08 13:57:08.064,0,0,0,-2.75,1
2024-07-08 13:57:08.068,0,0,0,-2.75,3
2024-07-08 13:57:08.069,0,0,0,-2.75,1
2024-07-08 13:57:08.075,0,0,0,-2.75,3
2024-07-08 13:57:08.075,0,0,0,-2.75,1
2024-07-08 13:57:08.079,0,0,0,-2.75,3
2024-07-08 13:57:08.079,0,0,0,-2.75,1
2024-07-08 13:57:08.082,0,0,0,-2.75,3
2024-07-08 13:57:08.082,0,0,0,-2.75,1
2024-07-08 13:57:08.084,0,0,0,-2.75,3
2024-07-08 13:57:08.086,0,0,0,-2.75,1
2024-07-08 13:57:08.088,0,0,0,-2.75,3
2024-07-08 13:57:08.088,0,0,0,-2.75,1
2024-07-08 13:57:08.090,0,0,0,-2.75,3
2024-07-08 13:57:08.091,0,0,0,-2.75,1
2024-07-08 13:57:08.093,0,0,0,-2.75,3
2024-07-08 13:57:08.094,0,0,0,-2.75,1
2024-07-08 13:57:08.097,0,-2.184,0,-2.75,0
2024-07-08 13:57:08.098,0,-2.184,0,-2.75,3
2024-07-08 13:57:08.098,0,-2.184,0,-2.75,1
2024-07-08 13:57:08.101,0,0,0,-2.35,3
2024-07-08 13:57:08.101,0,0,0,-2.35,1
2024-07-08 13:57:08.104,0,0,0,-2.35,3
2024-07-08 13:57:08.104,0,0,0,-2.35,1
2024-07-08 13:57:08.107,0,0,0,-2.35,3
2024-07-08 13:57:08.107,0,0,0,-2.35,1
2024-07-08 13:57:08.110,0,0,0,-2.35,3
2024-07-08 13:57:08.110,0,0,0,-2.35,1
2024-07-08 13:57:08.112,0,0,0,-2.35,3
2024-07-08 13:57:08.112,0,0,0,-2.35,1
2024-07-08 13:57:08.115,0,0,0,-2.35,3
2024-07-08 13:57:08.115,0,0,0,-2.35,1
2024-07-08 13:57:08.117,0,0,0,-2.35,3
2024-07-08 13:57:08.118,0,0,0,-2.35,1
2024-07-08 13:57:08.121,0,0,0,-2.35,3
2024-07-08 13:57:08.121,0,0,0,-2.35,1
2024-07-08 13:57:08.124,0,0,0,-2.35,3
2024-07-08 13:57:08.124,0,0,0,-2.35,1
2024-07-08 13:57:08.127,0,0,0,-2.35,3
2024-07-08 13:57:08.128,0,0,0,-2.35,1
2024-07-08 13:57:08.130,0,0,0,-2.35,3
2024-07-08 13:57:08.130,0,0,0,-2.35,1
2024-07-08 13:57:08.133,0,0,0,-2.35,3
2024-07-08 13:57:08.134,0,0,0,-2.35,1
2024-07-08 13:57:08.136,0,-2.184,0,-2.35,0
2024-07-08 13:57:08.137,0,-2.184,0,-2.35,3
2024-07-08 13:57:08.138,0,-2.184,0,-2.35,1
2024-07-08 13:57:08.141,0,0,0,-1.95,3
2024-07-08 13:57:08.142,0,0,0,-1.95,1
2024-07-08 13:57:08.144,0,0,0,-1.95,3
2024-07-08 13:57:08.144,0,0,0,-1.95,1
2024-07-08 13:57:08.146,0,0,0,-1.95,3
2024-07-08 13:57:08.147,0,0,0,-1.95,1
2024-07-08 13:57:08.150,0,0,0,-1.95,3
2024-07-08 13:57:08.150,0,0,0,-1.95,1
2024-07-08 13:57:08.152,0,0,0,-1.95,3
2024-07-08 13:57:08.152,0,0,0,-1.95,1
2024-07-08 13:57:08.156,0,0,0,-1.95,3
2024-07-08 13:57:08.156,0,0,0,-1.95,1
2024-07-08 13:57:08.158,0,0,0,-1.95,3
2024-07-08 13:57:08.158,0,0,0,-1.95,1
2024-07-08 13:57:08.160,0,0,0,-1.95,3
2024-07-08 13:57:08.162,0,0,0,-1.95,1
2024-07-08 13:57:08.164,0,0,0,-1.95,3
2024-07-08 13:57:08.164,0,0,0,-1.95,1
2024-07-08 13:57:08.166,0,0,0,-1.95,3
2024-07-08 13:57:08.168,0,0,0,-1.95,1
2024-07-08 13:57:08.172,0,0,0,-1.95,3
2024-07-08 13:57:08.172,0,0,0,-1.95,1
2024-07-08 13:57:08.176,0,-2.184,0,-1.95,0
2024-07-08 13:57:08.177,0,-2.184,0,-1.95,3
2024-07-08 13:57:08.178,0,-2.184,0,-1.95,1
2024-07-08 13:57:08.181,0,0,0,-1.55,3
2024-07-08 13:57:08.181,0,0,0,-1.55,1
2024-07-08 13:57:08.184,0,0,0,-1.55,3
2024-07-08 13:57:08.184,0,0,0,-1.55,1
2024-07-08 13:57:08.188,0,0,0,-1.55,3
2024-07-08 13:57:08.188,0,0,0,-1.55,1
2024-07-08 13:57:08.190,0,0,0,-1.55,3
2024-07-08 13:57:08.190,0,0,0,-1.55,1
2024-07-08 13:57:08.193,0,0,0,-1.55,3
2024-07-08 13:57:08.194,0,0,0,-1.55,1
2024-07-08 13:57:08.197,0,0,0,-1.55,3
2024-07-08 13:57:08.198,0,0,0,-1.55,1
2024-07-08 13:57:08.201,0,0,0,-1.55,3
2024-07-08 13:57:08.201,0,0,0,-1.55,1
2024-07-08 13:57:08.203,0,0,0,-1.55,3
2024-07-08 13:57:08.204,0,0,0,-1.55,1
2024-07-08 13:57:08.206,0,0,0,-1.55,3
2024-07-08 13:57:08.207,0,0,0,-1.55,1
2024-07-08 13:57:08.209,0,0,0,-1.55,3
2024-07-08 13:57:08.209,0,0,0,-1.55,1
2024-07-08 13:57:08.212,0,0,0,-1.55,3
2024-07-08 13:57:08.212,0,0,0,-1.55,1
2024-07-08 13:57:08.214,0,-2.184,0,-1.55,0
2024-07-08 13:57:08.215,0,-2.184,0,-1.55,3
2024-07-08 13:57:08.215,0,-2.184,0,-1.55,1
2024-07-08 13:57:08.217,0,0,0,-1.15,3
2024-07-08 13:57:08.218,0,0,0,-1.15,1
2024-07-08 13:57:08.220,0,0,0,-1.15,3
2024-07-08 13:57:08.221,0,0,0,-1.15,1
2024-07-08 13:57:08.223,0,0,0,-1.15,3
2024-07-08 13:57:08.224,0,0,0,-1.15,1
2024-07-08 13:57:08.226,0,0,0,-1.15,3
2024-07-08 13:57:08.226,0,0,0,-1.15,1
2024-07-08 13:57:08.229,0,0,0,-1.15,3
2024-07-08 13:57:08.230,0,0,0,-1.15,1
2024-07-08 13:57:08.232,0,0,0,-1.15,3
2024-07-08 13:57:08.232,0,0,0,-1.15,1
2024-07-08 13:57:08.236,0,0,0,-1.15,3
2024-07-08 13:57:08.236,0,0,0,-1.15,1
2024-07-08 13:57:08.239,0,0,0,-1.15,3
2024-07-08 13:57:08.239,0,0,0,-1.15,1
2024-07-08 13:57:08.241,0,0,0,-1.15,3
2024-07-08 13:57:08.241,0,0,0,-1.15,1
2024-07-08 13:57:08.245,0,0,0,-1.15,3
2024-07-08 13:57:08.245,0,0,0,-1.15,1
2024-07-08 13:57:08.247,0,0,0,-1.15,3
2024-07-08 13:57:08.248,0,0,0,-1.15,1
2024-07-08 13:57:08.250,0,0,0,-1.15,3
2024-07-08 13:57:08.250,0,0,0,-1.15,1
2024-07-08 13:57:08.253,0,0,0,-1.15,3
2024-07-08 13:57:08.253,0,0,0,-1.15,1
2024-07-08 13:57:08.256,0,-2.184,0,-1.15,0
2024-07-08 13:57:08.256,0,-2.184,0,-1.15,3
2024-07-08 13:57:08.257,0,-2.184,0,-1.15,1
2024-07-08 13:57:08.260,0,0,0,-0.75,3
2024-07-08 13:57:08.261,0,0,0,-0.75,1
2024-07-08 13:57:08.263,0,0,0,-0.75,3
2024-07-08 13:57:08.264,0,0,0,-0.75,1
2024-07-08 13:57:08.267,0,0,0,-0.75,3
2024-07-08 13:57:08.268,0,0,0,-0.75,1
2024-07-08 13:57:08.270,0,0,0,-0.75,3
2024-07-08 13:57:08.271,0,0,0,-0.75,1
2024-07-08 13:57:08.275,0,0,0,-0.75,3
2024-07-08 13:57:08.276,0,0,0,-0.75,1
2024-07-08 13:57:08.280,0,0,0,-0.75,3
2024-07-08 13:57:08.281,0,0,0,-0.75,1
2024-07-08 13:57:08.284,0,0,0,-0.75,3
2024-07-08 13:57:08.284,0,0,0,-0.75,1
2024-07-08 13:57:08.286,0,0,0,-0.75,3
2024-07-08 13:57:08.287,0,0,0,-0.75,1
2024-07-08 13:57:08.290,0,0,0,-0.75,3
2024-07-08 13:57:08.290,0,0,0,-0.75,1
2024-07-08 13:57:08.292,0,0,0,-0.75,3
2024-07-08 13:57:08.292,0,0,0,-0.75,1
2024-07-08 13:57:08.294,0,-2.184,0,-0.75,0
2024-07-08 13:57:08.296,0,-2.184,0,-0.75,3
2024-07-08 13:57:08.296,0,-2.184,0,-0.75,1
2024-07-08 13:57:08.298,0,0,0,-0.35,3
2024-07-08 13:57:08.298,0,0,0,-0.35,1
2024-07-08 13:57:08.302,0,0,0,-0.35,3
2024-07-08 13:57:08.303,0,0,0,-0.35,1
2024-07-08 13:57:08.305,0,0,0,-0.35,3
2024-07-08 13:57:08.305,0,0,0,-0.35,1
2024-07-08 13:57:08.308,0,0,0,-0.35,3
2024-07-08 13:57:08.308,0,0,0,-0.35,1
2024-07-08 13:57:08.310,0,0,0,-0.35,3
2024-07-08 13:57:08.310,0,0,0,-0.35,1
2024-07-08 13:57:08.313,0,0,0,-0.35,3
2024-07-08 13:57:08.314,0,0,0,-0.35,1
2024-07-08 13:57:08.316,0,0,0,-0.35,3
2024-07-08 13:57:08.317,0,0,0,-0.35,1
2024-07-08 13:57:08.319,0,0,0,-0.35,3
2024-07-08 13:57:08.320,0,0,0,-0.35,1
2024-07-08 13:57:08.322,0,0,0,-0.35,3
2024-07-08 13:57:08.324,0,0,0,-0.35,1
2024-07-08 13:57:08.326,0,0,0,-0.35,3
2024-07-08 13:57:08.326,0,0,0,-0.35,1
2024-07-08 13:57:08.328,0,0,0,-0.35,3
2024-07-08 13:57:08.329,0,0,0,-0.35,1
2024-07-08 13:57:08.331,0,0,0,-0.35,3
2024-07-08 13:57:08.331,0,0,0,-0.35,1
2024-07-08 13:57:08.334,0,-2.184,0,-0.35,0
2024-07-08 13:57:08.335,0,-2.184,0,-0.35,3
2024-07-08 13:57:08.335,0,-2.184,0,-0.35,1
2024-07-08 13:57:08.338,0,0,0,0.04999995,3
2024-07-08 13:57:08.338,0,0,0,0.04999995,1
2024-07-08 13:57:08.341,0,0,0,0.04999995,3
2024-07-08 13:57:08.342,0,0,0,0.04999995,1
2024-07-08 13:57:08.345,0,0,0,0.04999995,3
2024-07-08 13:57:08.345,0,0,0,0.04999995,1
2024-07-08 13:57:08.347,0,0,0,0.04999995,3
2024-07-08 13:57:08.347,0,0,0,0.04999995,1
2024-07-08 13:57:08.350,0,0,0,0.04999995,3
2024-07-08 13:57:08.350,0,0,0,0.04999995,1
2024-07-08 13:57:08.353,0,0,0,0.04999995,3
2024-07-08 13:57:08.355,0,0,0,0.04999995,1
2024-07-08 13:57:08.357,0,0,0,0.04999995,3
2024-07-08 13:57:08.358,0,0,0,0.04999995,1
2024-07-08 13:57:08.360,0,0,0,0.04999995,3
2024-07-08 13:57:08.362,0,0,0,0.04999995,1
2024-07-08 13:57:08.364,0,0,0,0.04999995,3
2024-07-08 13:57:08.364,0,0,0,0.04999995,1
2024-07-08 13:57:08.367,0,0,0,0.04999995,3
2024-07-08 13:57:08.368,0,0,0,0.04999995,1
2024-07-08 13:57:08.371,0,0,0,0.04999995,3
2024-07-08 13:57:08.372,0,0,0,0.04999995,1
2024-07-08 13:57:08.375,0,-2.184,0,0.04999995,0
2024-07-08 13:57:08.377,0,-2.184,0,0.04999995,3
2024-07-08 13:57:08.378,0,-2.184,0,0.04999995,1
2024-07-08 13:57:08.382,0,0,0,0.4499999,3
2024-07-08 13:57:08.383,0,0,0,0.4499999,1
2024-07-08 13:57:08.386,0,0,0,0.4499999,3
2024-07-08 13:57:08.387,0,0,0,0.4499999,1
2024-07-08 13:57:08.391,0,0,0,0.4499999,3
2024-07-08 13:57:08.392,0,0,0,0.4499999,1
2024-07-08 13:57:08.397,0,0,0,0.4499999,3
2024-07-08 13:57:08.398,0,0,0,0.4499999,1
2024-07-08 13:57:08.403,0,0,0,0.4499999,3
2024-07-08 13:57:08.403,0,0,0,0.4499999,1
2024-07-08 13:57:08.407,0,0,0,0.4499999,3
2024-07-08 13:57:08.408,0,0,0,0.4499999,1
2024-07-08 13:57:08.412,0,0,0,0.4499999,3
2024-07-08 13:57:08.412,0,0,0,0.4499999,1
2024-07-08 13:57:08.416,0,-2.184,0,0.4499999,0
2024-07-08 13:57:08.417,0,-2.184,0,0.4499999,3
2024-07-08 13:57:08.417,0,-2.184,0,0.4499999,1
2024-07-08 13:57:08.421,0,0,0,0.8499999,3
2024-07-08 13:57:08.421,0,0,0,0.8499999,1
2024-07-08 13:57:08.425,0,0,0,0.8499999,3
2024-07-08 13:57:08.426,0,0,0,0.8499999,1
2024-07-08 13:57:08.428,0,0,0,0.8499999,3
2024-07-08 13:57:08.428,0,0,0,0.8499999,1
2024-07-08 13:57:08.431,0,0,0,0.8499999,3
2024-07-08 13:57:08.432,0,0,0,0.8499999,1
2024-07-08 13:57:08.435,0,0,0,0.8499999,3
2024-07-08 13:57:08.435,0,0,0,0.8499999,1
2024-07-08 13:57:08.437,0,0,0,0.8499999,3
2024-07-08 13:57:08.438,0,0,0,0.8499999,1
2024-07-08 13:57:08.441,0,0,0,0.8499999,3
2024-07-08 13:57:08.441,0,0,0,0.8499999,1
2024-07-08 13:57:08.444,0,0,0,0.8499999,3
2024-07-08 13:57:08.445,0,0,0,0.8499999,1
2024-07-08 13:57:08.448,0,0,0,0.8499999,3
2024-07-08 13:57:08.448,0,0,0,0.8499999,1
2024-07-08 13:57:08.451,0,0,0,0.8499999,3
2024-07-08 13:57:08.451,0,0,0,0.8499999,1
2024-07-08 13:57:08.453,0,0,0,0.8499999,3
2024-07-08 13:57:08.453,0,0,0,0.8499999,1
2024-07-08 13:57:08.456,0,-2.184,0,0.8499999,0
2024-07-08 13:57:08.457,0,-2.184,0,0.8499999,3
2024-07-08 13:57:08.457,0,-2.184,0,0.8499999,1
2024-07-08 13:57:08.460,0,0,0,1.25,3
2024-07-08 13:57:08.461,0,0,0,1.25,1
2024-07-08 13:57:08.463,0,0,0,1.25,3
2024-07-08 13:57:08.463,0,0,0,1.25,1
2024-07-08 13:57:08.464,0,0,0,1.25,3
2024-07-08 13:57:08.466,0,0,0,1.25,1
2024-07-08 13:57:08.468,0,0,0,1.25,3
2024-07-08 13:57:08.469,0,0,0,1.25,1
2024-07-08 13:57:08.472,0,0,0,1.25,3
2024-07-08 13:57:08.472,0,0,0,1.25,1
2024-07-08 13:57:08.476,0,0,0,1.25,3
2024-07-08 13:57:08.476,0,0,0,1.25,1
2024-07-08 13:57:08.480,0,0,0,1.25,3
2024-07-08 13:57:08.481,0,0,0,1.25,1
2024-07-08 13:57:08.485,0,0,0,1.25,3
2024-07-08 13:57:08.486,0,0,0,1.25,1
2024-07-08 13:57:08.488,0,0,0,1.25,3
2024-07-08 13:57:08.490,0,0,0,1.25,1
2024-07-08 13:57:08.493,0,0,0,1.25,3
2024-07-08 13:57:08.493,0,0,0,1.25,1
2024-07-08 13:57:08.496,0,-2.184,0,1.25,0
2024-07-08 13:57:08.497,0,-2.184,0,1.25,3
2024-07-08 13:57:08.497,0,-2.184,0,1.25,1
2024-07-08 13:57:08.501,0,0,0,1.65,3
2024-07-08 13:57:08.502,0,0,0,1.65,1
2024-07-08 13:57:08.506,0,0,0,1.65,3
2024-07-08 13:57:08.506,0,0,0,1.65,1
2024-07-08 13:57:08.510,0,0,0,1.65,3
2024-07-08 13:57:08.511,0,0,0,1.65,1
2024-07-08 13:57:08.513,0,0,0,1.65,3
2024-07-08 13:57:08.514,0,0,0,1.65,1
2024-07-08 13:57:08.517,0,0,0,1.65,3
2024-07-08 13:57:08.517,0,0,0,1.65,1
2024-07-08 13:57:08.521,0,0,0,1.65,3
2024-07-08 13:57:08.521,0,0,0,1.65,1
2024-07-08 13:57:08.524,0,0,0,1.65,3
2024-07-08 13:57:08.524,0,0,0,1.65,1
2024-07-08 13:57:08.527,0,0,0,1.65,3
2024-07-08 13:57:08.528,0,0,0,1.65,1
2024-07-08 13:57:08.530,0,0,0,1.65,3
2024-07-08 13:57:08.530,0,0,0,1.65,1
2024-07-08 13:57:08.533,0,0,0,1.65,3
2024-07-08 13:57:08.534,0,0,0,1.65,1
2024-07-08 13:57:08.536,0,-2.184,0,1.65,0
2024-07-08 13:57:08.537,0,-2.184,0,1.65,3
2024-07-08 13:57:08.538,0,-2.184,0,1.65,1
2024-07-08 13:57:08.541,0,0,0,2.05,3
2024-07-08 13:57:08.542,0,0,0,2.05,1
2024-07-08 13:57:08.545,0,0,0,2.05,3
2024-07-08 13:57:08.546,0,0,0,2.05,1
2024-07-08 13:57:08.547,0,0,0,2.05,3
2024-07-08 13:57:08.549,0,0,0,2.05,1
2024-07-08 13:57:08.551,0,0,0,2.05,3
2024-07-08 13:57:08.552,0,0,0,2.05,1
2024-07-08 13:57:08.553,0,0,0,2.05,3
2024-07-08 13:57:08.553,0,0,0,2.05,1
2024-07-08 13:57:08.556,0,0,0,2.05,3
2024-07-08 13:57:08.557,0,0,0,2.05,1
2024-07-08 13:57:08.560,0,0,0,2.05,3
2024-07-08 13:57:08.560,0,0,0,2.05,1
2024-07-08 13:57:08.562,0,0,0,2.05,3
2024-07-08 13:57:08.563,0,0,0,2.05,1
2024-07-08 13:57:08.565,0,0,0,2.05,3
2024-07-08 13:57:08.566,0,0,0,2.05,1
2024-07-08 13:57:08.568,0,0,0,2.05,3
2024-07-08 13:57:08.568,0,0,0,2.05,1
2024-07-08 13:57:08.571,0,0,0,2.05,3
2024-07-08 13:57:08.572,0,0,0,2.05,1
2024-07-08 13:57:08.574,0,-2.184,0,2.05,0
2024-07-08 13:57:08.575,0,-2.184,0,2.05,3
2024-07-08 13:57:08.575,0,-2.184,0,2.05,1
2024-07-08 13:57:08.579,0,0,0,2.45,3
2024-07-08 13:57:08.580,0,0,0,2.45,1
2024-07-08 13:57:08.583,0,0,0,2.45,3
2024-07-08 13:57:08.584,0,0,0,2.45,1
2024-07-08 13:57:08.590,0,0,0,2.45,3
2024-07-08 13:57:08.591,0,0,0,2.45,1
2024-07-08 13:57:08.597,0,0,0,2.45,3
2024-07-08 13:57:08.599,0,0,0,2.45,1
2024-07-08 13:57:08.605,0,0,0,2.45,3
2024-07-08 13:57:08.606,0,0,0,2.45,1
2024-07-08 13:57:08.611,0,0,0,2.45,3
2024-07-08 13:57:08.614,0,0,0,2.45,1
2024-07-08 13:57:08.620,0,-2.184,0,2.45,0
2024-07-08 13:57:08.622,0,-2.184,0,2.45,3
2024-07-08 13:57:08.623,0,-2.184,0,2.45,1
2024-07-08 13:57:08.630,0,0,0,2.85,3
2024-07-08 13:57:08.631,0,0,0,2.85,1
2024-07-08 13:57:08.636,0,0,0,2.85,3
2024-07-08 13:57:08.636,0,0,0,2.85,1
2024-07-08 13:57:08.639,0,0,0,2.85,3
2024-07-08 13:57:08.639,0,0,0,2.85,1
2024-07-08 13:57:08.643,0,0,0,2.85,3
2024-07-08 13:57:08.644,0,0,0,2.85,1
2024-07-08 13:57:08.648,0,0,0,2.85,3
2024-07-08 13:57:08.649,0,0,0,2.85,1
2024-07-08 13:57:08.654,0,0,0,2.85,3
2024-07-08 13:57:08.654,0,0,0,2.85,1
2024-07-08 13:57:08.657,0,-2.184,0,2.85,0
2024-07-08 13:57:08.658,0,-2.184,0,2.85,3
2024-07-08 13:57:08.658,0,-2.184,0,2.85,1
2024-07-08 13:57:08.664,0,0,0,3.25,3
2024-07-08 13:57:08.664,0,0,0,3.25,1
2024-07-08 13:57:08.668,0,0,0,3.25,3
2024-07-08 13:57:08.669,0,0,0,3.25,1
2024-07-08 13:57:08.672,0,0,0,3.25,3
2024-07-08 13:57:08.672,0,0,0,3.25,1
2024-07-08 13:57:08.675,0,0,0,3.25,3
2024-07-08 13:57:08.676,0,0,0,3.25,1
2024-07-08 13:57:08.678,0,0,0,3.25,3
2024-07-08 13:57:08.679,0,0,0,3.25,1
2024-07-08 13:57:08.681,0,0,0,3.25,3
2024-07-08 13:57:08.681,0,0,0,3.25,1
2024-07-08 13:57:08.684,0,0,0,3.25,3
2024-07-08 13:57:08.685,0,0,0,3.25,1
2024-07-08 13:57:08.688,0,0,0,3.25,3
2024-07-08 13:57:08.688,0,0,0,3.25,1
2024-07-08 13:57:08.691,0,0,0,3.25,3
2024-07-08 13:57:08.692,0,0,0,3.25,1
2024-07-08 13:57:08.695,0,-2.184,0,3.25,0
2024-07-08 13:57:08.696,0,-2.184,0,3.25,3
2024-07-08 13:57:08.697,0,-2.184,0,3.25,1
2024-07-08 13:57:08.701,0,0,0,-2.75,3
2024-07-08 13:57:08.702,0,0,0,-2.75,1
2024-07-08 13:57:08.706,0,0,0,-2.75,3
2024-07-08 13:57:08.706,0,0,0,-2.75,1
2024-07-08 13:57:08.711,0,0,0,-2.75,3
2024-07-08 13:57:08.712,0,0,0,-2.75,1
2024-07-08 13:57:08.716,0,0,0,-2.75,3
2024-07-08 13:57:08.716,0,0,0,-2.75,1
2024-07-08 13:57:08.720,0,0,0,-2.75,3
2024-07-08 13:57:08.720,0,0,0,-2.75,1
2024-07-08 13:57:08.725,0,0,0,-2.75,3
2024-07-08 13:57:08.732,0,0,0,-2.75,1
2024-07-08 13:57:08.736,0,-2.184,0,-2.75,0
2024-07-08 13:57:08.737,0,-2.184,0,-2.75,3
2024-07-08 13:57:08.738,0,-2.184,0,-2.75,1
2024-07-08 13:57:08.743,0,0,0,-2.35,3
2024-07-08 13:57:08.744,0,0,0,-2.35,1
2024-07-08 13:57:08.747,0,0,0,-2.35,3
2024-07-08 13:57:08.747,0,0,0,-2.35,1
2024-07-08 13:57:08.750,0,0,0,-2.35,3
2024-07-08 13:57:08.751,0,0,0,-2.35,1
2024-07-08 13:57:08.755,0,0,0,-2.35,3
2024-07-08 13:57:08.755,0,0,0,-2.35,1
2024-07-08 13:57:08.760,0,0,0,-2.35,3
2024-07-08 13:57:08.761,0,0,0,-2.35,1
2024-07-08 13:57:08.763,0,0,0,-2.35,3
2024-07-08 13:57:08.764,0,0,0,-2.35,1
2024-07-08 13:57:08.766,0,0,0,-2.35,3
2024-07-08 13:57:08.766,0,0,0,-2.35,1
2024-07-08 13:57:08.769,0,0,0,-2.35,3
2024-07-08 13:57:08.769,0,0,0,-2.35,1
2024-07-08 13:57:08.773,0,0,0,-2.35,3
2024-07-08 13:57:08.774,0,0,0,-2.35,1
2024-07-08 13:57:08.777,0,-2.184,0,-2.35,0
2024-07-08 13:57:08.779,0,-2.184,0,-2.35,3
2024-07-08 13:57:08.779,0,-2.184,0,-2.35,1
2024-07-08 13:57:08.786,0,0,0,-1.95,3
2024-07-08 13:57:08.787,0,0,0,-1.95,1
2024-07-08 13:57:08.793,0,0,0,-1.95,3
2024-07-08 13:57:08.795,0,0,0,-1.95,1
2024-07-08 13:57:08.800,0,0,0,-1.95,3
2024-07-08 13:57:08.800,0,0,0,-1.95,1
2024-07-08 13:57:08.803,0,0,0,-1.95,3
2024-07-08 13:57:08.803,0,0,0,-1.95,1
2024-07-08 13:57:08.807,0,0,0,-1.95,3
2024-07-08 13:57:08.808,0,0,0,-1.95,1
2024-07-08 13:57:08.812,0,0,0,-1.95,3
2024-07-08 13:57:08.813,0,0,0,-1.95,1
2024-07-08 13:57:08.817,0,-2.184,0,-1.95,0
2024-07-08 13:57:08.818,0,-2.184,0,-1.95,3
2024-07-08 13:57:08.819,0,-2.184,0,-1.95,1
2024-07-08 13:57:08.826,0,0,0,-1.55,3
2024-07-08 13:57:08.827,0,0,0,-1.55,1
2024-07-08 13:57:08.830,0,0,0,-1.55,3
2024-07-08 13:57:08.830,0,0,0,-1.55,1
2024-07-08 13:57:08.832,0,0,0,-1.55,3
2024-07-08 13:57:08.834,0,0,0,-1.55,1
2024-07-08 13:57:08.838,0,0,0,-1.55,3
2024-07-08 13:57:08.838,0,0,0,-1.55,1
2024-07-08 13:57:08.842,0,0,0,-1.55,3
2024-07-08 13:57:08.843,0,0,0,-1.55,1
2024-07-08 13:57:08.848,0,0,0,-1.55,3
2024-07-08 13:57:08.850,0,0,0,-1.55,1
2024-07-08 13:57:08.853,0,0,0,-1.55,3
2024-07-08 13:57:08.853,0,0,0,-1.55,1
2024-07-08 13:57:08.857,0,-2.184,0,-1.55,0
2024-07-08 13:57:08.859,0,-2.184,0,-1.55,3
2024-07-08 13:57:08.859,0,-2.184,0,-1.55,1
2024-07-08 13:57:08.863,0,0,0,-1.15,3
2024-07-08 13:57:08.865,0,0,0,-1.15,1
2024-07-08 13:57:08.870,0,0,0,-1.15,3
2024-07-08 13:57:08.871,0,0,0,-1.15,1
2024-07-08 13:57:08.874,0,0,0,-1.15,3
2024-07-08 13:57:08.874,0,0,0,-1.15,1
2024-07-08 13:57:08.878,0,0,0,-1.15,3
2024-07-08 13:57:08.878,0,0,0,-1.15,1
2024-07-08 13:57:08.880,0,0,0,-1.15,3
2024-07-08 13:57:08.882,0,0,0,-1.15,1
2024-07-08 13:57:08.885,0,0,0,-1.15,3
2024-07-08 13:57:08.886,0,0,0,-1.15,1
2024-07-08 13:57:08.888,0,0,0,-1.15,3
2024-07-08 13:57:08.890,0,0,0,-1.15,1
2024-07-08 13:57:08.893,0,0,0,-1.15,3
2024-07-08 13:57:08.893,0,0,0,-1.15,1
2024-07-08 13:57:08.896,0,-2.184,0,-1.15,0
2024-07-08 13:57:08.897,0,-2.184,0,-1.15,3
2024-07-08 13:57:08.897,0,-2.184,0,-1.15,1
2024-07-08 13:57:08.902,0,0,0,-0.75,3
2024-07-08 13:57:08.903,0,0,0,-0.75,1
2024-07-08 13:57:08.906,0,0,0,-0.75,3
2024-07-08 13:57:08.906,0,0,0,-0.75,1
2024-07-08 13:57:08.908,0,0,0,-0.75,3
2024-07-08 13:57:08.909,0,0,0,-0.75,1
2024-07-08 13:57:08.912,0,0,0,-0.75,3
2024-07-08 13:57:08.913,0,0,0,-0.75,1
2024-07-08 13:57:08.918,0,0,0,-0.75,3
2024-07-08 13:57:08.920,0,0,0,-0.75,1
2024-07-08 13:57:08.922,0,0,0,-0.75,3
2024-07-08 13:57:08.923,0,0,0,-0.75,1
2024-07-08 13:57:08.927,0,0,0,-0.75,3
2024-07-08 13:57:08.929,0,0,0,-0.75,1
2024-07-08 13:57:08.936,0,-2.184,0,-0.75,0
2024-07-08 13:57:08.938,0,-2.184,0,-0.75,3
2024-07-08 13:57:08.940,0,-2.184,0,-0.75,1
2024-07-08 13:57:08.943,0,0,0,-0.35,3
2024-07-08 13:57:08.945,0,0,0,-0.35,1
2024-07-08 13:57:08.948,0,0,0,-0.35,3
2024-07-08 13:57:08.949,0,0,0,-0.35,1
2024-07-08 13:57:08.953,0,0,0,-0.35,3
2024-07-08 13:57:08.953,0,0,0,-0.35,1
2024-07-08 13:57:08.956,0,0,0,-0.35,3
2024-07-08 13:57:08.958,0,0,0,-0.35,1
2024-07-08 13:57:08.963,0,0,0,-0.35,3
2024-07-08 13:57:08.964,0,0,0,-0.35,1
2024-07-08 13:57:08.967,0,0,0,-0.35,3
2024-07-08 13:57:08.968,0,0,0,-0.35,1
2024-07-08 13:57:08.974,0,0,0,-0.35,3
2024-07-08 13:57:08.975,0,0,0,-0.35,1
2024-07-08 13:57:08.980,0,-2.184,0,-0.35,0
2024-07-08 13:57:08.982,0,-2.184,0,-0.35,3
2024-07-08 13:57:08.982,0,-2.184,0,-0.35,1
2024-07-08 13:57:08.986,0,0,0,0.04999995,3
2024-07-08 13:57:08.986,0,0,0,0.04999995,1
2024-07-08 13:57:08.988,0,0,0,0.04999995,3
2024-07-08 13:57:08.990,0,0,0,0.04999995,1
2024-07-08 13:57:08.994,0,0,0,0.04999995,3
2024-07-08 13:57:08.995,0,0,0,0.04999995,1
2024-07-08 13:57:09.000,0,0,0,0.04999995,3
2024-07-08 13:57:09.001,0,0,0,0.04999995,1
2024-07-08 13:57:09.004,0,0,0,0.04999995,3
2024-07-08 13:57:09.005,0,0,0,0.04999995,1
2024-07-08 13:57:09.008,0,0,0,0.04999995,3
2024-07-08 13:57:09.009,0,0,0,0.04999995,1
2024-07-08 13:57:09.011,0,0,0,0.04999995,3
2024-07-08 13:57:09.012,0,0,0,0.04999995,1
2024-07-08 13:57:09.015,0,-2.184,0,0.04999995,0
2024-07-08 13:57:09.015,0,-2.184,0,0.04999995,3
2024-07-08 13:57:09.016,0,-2.184,0,0.04999995,1
2024-07-08 13:57:09.019,0,0,0,0.4499999,3
2024-07-08 13:57:09.020,0,0,0,0.4499999,1
2024-07-08 13:57:09.022,0,0,0,0.4499999,3
2024-07-08 13:57:09.022,0,0,0,0.4499999,1
2024-07-08 13:57:09.027,0,0,0,0.4499999,3
2024-07-08 13:57:09.029,0,0,0,0.4499999,1
2024-07-08 13:57:09.034,0,0,0,0.4499999,3
2024-07-08 13:57:09.036,0,0,0,0.4499999,1
2024-07-08 13:57:09.044,0,0,0,0.4499999,3
2024-07-08 13:57:09.045,0,0,0,0.4499999,1
2024-07-08 13:57:09.053,0,0,0,0.4499999,3
2024-07-08 13:57:09.054,0,0,0,0.4499999,1
2024-07-08 13:57:09.060,0,-2.184,0,0.4499999,0
2024-07-08 13:57:09.063,0,-2.184,0,0.4499999,3
2024-07-08 13:57:09.064,0,-2.184,0,0.4499999,1
2024-07-08 13:57:09.071,0,0,0,0.8499999,3
2024-07-08 13:57:09.072,0,0,0,0.8499999,1
2024-07-08 13:57:09.079,0,0,0,0.8499999,3
2024-07-08 13:57:09.080,0,0,0,0.8499999,1
2024-07-08 13:57:09.086,0,0,0,0.8499999,3
2024-07-08 13:57:09.086,0,0,0,0.8499999,1
2024-07-08 13:57:09.090,0,0,0,0.8499999,3
2024-07-08 13:57:09.090,0,0,0,0.8499999,1
2024-07-08 13:57:09.094,0,-2.184,0,0.8499999,0
2024-07-08 13:57:09.096,0,-2.184,0,0.8499999,3
2024-07-08 13:57:09.097,0,-2.184,0,0.8499999,1
2024-07-08 13:57:09.102,0,0,0,1.25,3
2024-07-08 13:57:09.105,0,0,0,1.25,1
2024-07-08 13:57:09.111,0,0,0,1.25,3
2024-07-08 13:57:09.111,0,0,0,1.25,1
2024-07-08 13:57:09.116,0,0,0,1.25,3
2024-07-08 13:57:09.116,0,0,0,1.25,1
2024-07-08 13:57:09.122,0,0,0,1.25,3
2024-07-08 13:57:09.125,0,0,0,1.25,1
2024-07-08 13:57:09.130,0,0,0,1.25,3
2024-07-08 13:57:09.131,0,0,0,1.25,1
2024-07-08 13:57:09.136,0,-2.184,0,1.25,0
2024-07-08 13:57:09.137,0,-2.184,0,1.25,3
2024-07-08 13:57:09.138,0,-2.184,0,1.25,1
2024-07-08 13:57:09.141,0,0,0,1.65,3
2024-07-08 13:57:09.141,0,0,0,1.65,1
2024-07-08 13:57:09.144,0,0,0,1.65,3
2024-07-08 13:57:09.145,0,0,0,1.65,1
2024-07-08 13:57:09.147,0,0,0,1.65,3
2024-07-08 13:57:09.149,0,0,0,1.65,1
2024-07-08 13:57:09.151,0,0,0,1.65,3
2024-07-08 13:57:09.151,0,0,0,1.65,1
2024-07-08 13:57:09.154,0,0,0,1.65,3
2024-07-08 13:57:09.154,0,0,0,1.65,1
2024-07-08 13:57:09.157,0,0,0,1.65,3
2024-07-08 13:57:09.157,0,0,0,1.65,1
2024-07-08 13:57:09.159,0,0,0,1.65,3
2024-07-08 13:57:09.160,0,0,0,1.65,1
2024-07-08 13:57:09.162,0,0,0,1.65,3
2024-07-08 13:57:09.162,0,0,0,1.65,1
2024-07-08 13:57:09.165,0,0,0,1.65,3
2024-07-08 13:57:09.165,0,0,0,1.65,1
2024-07-08 13:57:09.167,0,0,0,1.65,3
2024-07-08 13:57:09.168,0,0,0,1.65,1
2024-07-08 13:57:09.171,0,0,0,1.65,3
2024-07-08 13:57:09.171,0,0,0,1.65,1
2024-07-08 13:57:09.173,0,0,0,1.65,3
2024-07-08 13:57:09.174,0,0,0,1.65,1
2024-07-08 13:57:09.176,0,-2.184,0,1.65,0
2024-07-08 13:57:09.177,0,-2.184,0,1.65,3
2024-07-08 13:57:09.177,0,-2.184,0,1.65,1
2024-07-08 13:57:09.181,0,0,0,2.05,3
2024-07-08 13:57:09.181,0,0,0,2.05,1
2024-07-08 13:57:09.183,0,0,0,2.05,3
2024-07-08 13:57:09.183,0,0,0,2.05,1
2024-07-08 13:57:09.187,0,0,0,2.05,3
2024-07-08 13:57:09.188,0,0,0,2.05,1
2024-07-08 13:57:09.191,0,0,0,2.05,3
2024-07-08 13:57:09.192,0,0,0,2.05,1
2024-07-08 13:57:09.196,0,0,0,2.05,3
2024-07-08 13:57:09.198,0,0,0,2.05,1
2024-07-08 13:57:09.202,0,0,0,2.05,3
2024-07-08 13:57:09.203,0,0,0,2.05,1
2024-07-08 13:57:09.206,0,0,0,2.05,3
2024-07-08 13:57:09.206,0,0,0,2.05,1
2024-07-08 13:57:09.210,0,0,0,2.05,3
2024-07-08 13:57:09.210,0,0,0,2.05,1
2024-07-08 13:57:09.213,0,0,0,2.05,3
2024-07-08 13:57:09.214,0,0,0,2.05,1
2024-07-08 13:57:09.218,0,-2.184,0,2.05,0
2024-07-08 13:57:09.219,0,-2.184,0,2.05,3
2024-07-08 13:57:09.220,0,-2.184,0,2.05,1
2024-07-08 13:57:09.223,0,0,0,2.45,3
2024-07-08 13:57:09.224,0,0,0,2.45,1
2024-07-08 13:57:09.228,0,0,0,2.45,3
2024-07-08 13:57:09.228,0,0,0,2.45,1
2024-07-08 13:57:09.233,0,0,0,2.45,3
2024-07-08 13:57:09.234,0,0,0,2.45,1
2024-07-08 13:57:09.236,0,0,0,2.45,3
2024-07-08 13:57:09.237,0,0,0,2.45,1
2024-07-08 13:57:09.239,0,0,0,2.45,3
2024-07-08 13:57:09.241,0,0,0,2.45,1
2024-07-08 13:57:09.246,0,0,0,2.45,3
2024-07-08 13:57:09.247,0,0,0,2.45,1
2024-07-08 13:57:09.251,0,0,0,2.45,3
2024-07-08 13:57:09.253,0,0,0,2.45,1
2024-07-08 13:57:09.257,0,-2.184,0,2.45,0
2024-07-08 13:57:09.260,0,-2.184,0,2.45,3
2024-07-08 13:57:09.260,0,-2.184,0,2.45,1
2024-07-08 13:57:09.266,0,0,0,2.85,3
2024-07-08 13:57:09.267,0,0,0,2.85,1
2024-07-08 13:57:09.271,0,0,0,2.85,3
2024-07-08 13:57:09.273,0,0,0,2.85,1
2024-07-08 13:57:09.278,0,0,0,2.85,3
2024-07-08 13:57:09.279,0,0,0,2.85,1
2024-07-08 13:57:09.283,0,0,0,2.85,3
2024-07-08 13:57:09.283,0,0,0,2.85,1
2024-07-08 13:57:09.287,0,0,0,2.85,3
2024-07-08 13:57:09.288,0,0,0,2.85,1
2024-07-08 13:57:09.292,0,0,0,2.85,3
2024-07-08 13:57:09.293,0,0,0,2.85,1
2024-07-08 13:57:09.297,0,-2.184,0,2.85,0
2024-07-08 13:57:09.298,0,-2.184,0,2.85,3
2024-07-08 13:57:09.298,0,-2.184,0,2.85,1
2024-07-08 13:57:09.302,0,0,0,3.25,3
2024-07-08 13:57:09.302,0,0,0,3.25,1
2024-07-08 13:57:09.304,0,0,0,3.25,3
2024-07-08 13:57:09.306,0,0,0,3.25,1
2024-07-08 13:57:09.309,0,0,0,3.25,3
2024-07-08 13:57:09.309,0,0,0,3.25,1
2024-07-08 13:57:09.311,0,0,0,3.25,3
2024-07-08 13:57:09.312,0,0,0,3.25,1
2024-07-08 13:57:09.315,0,0,0,3.25,3
2024-07-08 13:57:09.315,0,0,0,3.25,1
2024-07-08 13:57:09.318,0,0,0,3.25,3
2024-07-08 13:57:09.319,0,0,0,3.25,1
2024-07-08 13:57:09.322,0,0,0,3.25,3
2024-07-08 13:57:09.322,0,0,0,3.25,1
2024-07-08 13:57:09.325,0,0,0,3.25,3
2024-07-08 13:57:09.326,0,0,0,3.25,1
2024-07-08 13:57:09.329,0,0,0,3.25,3
2024-07-08 13:57:09.329,0,0,0,3.25,1
2024-07-08 13:57:09.331,0,0,0,3.25,3
2024-07-08 13:57:09.332,0,0,0,3.25,1
2024-07-08 13:57:09.335,0,-2.184,0,3.25,0
2024-07-08 13:57:09.337,0,-2.184,0,3.25,3
2024-07-08 13:57:09.337,0,-2.184,0,3.25,1
2024-07-08 13:57:09.339,0,0,0,-2.75,3
2024-07-08 13:57:09.341,0,0,0,-2.75,1
2024-07-08 13:57:09.343,0,0,0,-2.75,3
2024-07-08 13:57:09.344,0,0,0,-2.75,1
2024-07-08 13:57:09.346,0,0,0,-2.75,3
2024-07-08 13:57:09.346,0,0,0,-2.75,1
2024-07-08 13:57:09.349,0,0,0,-2.75,3
2024-07-08 13:57:09.349,0,0,0,-2.75,1
2024-07-08 13:57:09.352,0,0,0,-2.75,3
2024-07-08 13:57:09.353,0,0,0,-2.75,1
2024-07-08 13:57:09.356,0,0,0,-2.75,3
2024-07-08 13:57:09.356,0,0,0,-2.75,1
2024-07-08 13:57:09.358,0,0,0,-2.75,3
2024-07-08 13:57:09.359,0,0,0,-2.75,1
2024-07-08 13:57:09.362,0,0,0,-2.75,3
2024-07-08 13:57:09.362,0,0,0,-2.75,1
2024-07-08 13:57:09.364,0,0,0,-2.75,3
2024-07-08 13:57:09.366,0,0,0,-2.75,1
2024-07-08 13:57:09.369,0,0,0,-2.75,3
2024-07-08 13:57:09.369,0,0,0,-2.75,1
2024-07-08 13:57:09.372,0,0,0,-2.75,3
2024-07-08 13:57:09.373,0,0,0,-2.75,1
2024-07-08 13:57:09.375,0,-2.184,0,-2.75,0
2024-07-08 13:57:09.375,0,-2.184,0,-2.75,3
2024-07-08 13:57:09.376,0,-2.184,0,-2.75,1
2024-07-08 13:57:09.378,0,0,0,-2.35,3
2024-07-08 13:57:09.378,0,0,0,-2.35,1
2024-07-08 13:57:09.381,0,0,0,-2.35,3
2024-07-08 13:57:09.381,0,0,0,-2.35,1
2024-07-08 13:57:09.387,0,0,0,-2.35,3
2024-07-08 13:57:09.388,0,0,0,-2.35,1
2024-07-08 13:57:09.396,0,0,0,-2.35,3
2024-07-08 13:57:09.397,0,0,0,-2.35,1
2024-07-08 13:57:09.414,0,-2.184,8.40192,16,0
2024-07-08 13:57:09.453,0,-2.184,8.40192,15.9,0
2024-07-08 13:57:09.495,0,-2.184,8.40192,15.8,0
2024-07-08 13:57:09.533,0,-2.184,8.40192,15.7,0
2024-07-08 13:57:09.574,0,-2.184,8.40192,15.6,0
2024-07-08 13:57:09.613,0,-2.184,8.40192,15.5,0
2024-07-08 13:57:09.656,0,-2.184,8.40192,15.4,0
2024-07-08 13:57:09.695,0,-2.184,8.40192,15.3,0
2024-07-08 13:57:09.733,0,-2.184,8.40192,15.2,0
2024-07-08 13:57:09.775,0,-2.184,8.40192,15.1,0
2024-07-08 13:57:09.814,0,-2.184,8.40192,15,0
2024-07-08 13:57:09.855,0,-2.184,8.40192,14.9,0
2024-07-08 13:57:09.894,0,-2.184,8.40192,14.8,0
2024-07-08 13:57:09.934,0,-2.184,8.40192,14.7,0
2024-07-08 13:57:09.974,0,-2.184,8.40192,14.59999,0
2024-07-08 13:57:10.015,0,-2.184,0,-2.75,0
2024-07-08 13:57:10.054,0,-2.184,0,-2.35,0
2024-07-08 13:57:10.093,0,-2.184,0,-1.95,0
2024-07-08 13:57:10.134,0,-2.184,0,-1.55,0
2024-07-08 13:57:10.176,0,-2.184,0,-1.15,0
2024-07-08 13:57:10.215,0,-2.184,0,-0.75,0
2024-07-08 13:57:10.254,0,-2.184,0,-0.35,0
2024-07-08 13:57:10.294,0,-2.184,0,0.04999995,0
2024-07-08 13:57:10.334,0,-2.184,0,0.4499999,0
2024-07-08 13:57:10.374,0,-2.184,0,0.8499999,0
2024-07-08 13:57:10.415,0,-2.184,0,1.25,0
2024-07-08 13:57:10.454,0,-2.184,0,1.65,0
2024-07-08 13:57:10.494,0,-2.184,0,2.05,0
2024-07-08 13:57:10.535,0,-2.184,0,2.45,0
2024-07-08 13:57:10.574,0,-2.184,0,2.85,0
2024-07-08 13:57:10.614,0,-2.184,0,3.25,0
2024-07-08 13:57:10.654,0,-2.184,0,-2.75,0
2024-07-08 13:57:10.694,0,-2.184,0,-2.35,0
2024-07-08 13:57:10.734,0,-2.184,0,-1.95,0
2024-07-08 13:57:10.774,0,-2.184,0,-1.55,0
2024-07-08 13:57:10.813,0,-2.184,0,-1.15,0
2024-07-08 13:57:10.855,0,-2.184,0,-0.75,0
2024-07-08 13:57:10.895,0,-2.184,0,-0.35,0
2024-07-08 13:57:10.935,0,-2.184,0,0.04999995,0
2024-07-08 13:57:10.974,0,-2.184,0,0.4499999,0
2024-07-08 13:57:11.014,0,-2.184,0,0.8499999,0
2024-07-08 13:57:11.054,0,-2.184,0,1.25,0
2024-07-08 13:57:11.095,0,-2.184,0,1.65,0
2024-07-08 13:57:11.134,0,-2.184,0,2.05,0
2024-07-08 13:57:11.173,0,-2.184,0,2.45,0
2024-07-08 13:57:11.215,0,-2.184,0,2.85,0
2024-07-08 13:57:11.254,0,-2.184,0,3.25,0
2024-07-08 13:57:11.295,0,-2.184,0,-2.75,0
2024-07-08 13:57:11.335,0,-2.184,0,-2.35,0
2024-07-08 13:57:11.375,0,-2.184,0,-1.95,0
2024-07-08 13:57:11.414,0,-2.184,0,-1.55,0
2024-07-08 13:57:11.454,0,-2.184,0,-1.15,0
2024-07-08 13:57:11.495,0,-2.184,0,-0.75,0
2024-07-08 13:57:11.535,0,-2.184,0,-0.35,0
2024-07-08 13:57:11.574,0,-2.184,0,0.04999995,0
2024-07-08 13:57:11.617,0,-2.184,0,0.4499999,0
2024-07-08 13:57:11.654,0,-2.184,0,0.8499999,0
2024-07-08 13:57:11.694,0,-2.184,0,1.25,0
2024-07-08 13:57:11.735,0,-2.184,0,1.65,0
2024-07-08 13:57:11.774,0,-2.184,0,2.05,0
2024-07-08 13:57:11.814,0,-2.184,0,2.45,0
2024-07-08 13:57:11.856,0,-2.184,0,2.85,0
2024-07-08 13:57:11.894,0,-2.184,0,3.25,0
2024-07-08 13:57:11.936,0,-2.184,0,-2.75,0
2024-07-08 13:57:11.974,0,-2.184,0,-2.35,0
2024-07-08 13:57:12.014,0,-2.184,0,-1.95,0
2024-07-08 13:57:12.056,0,-2.184,0,-1.55,0
2024-07-08 13:57:12.096,0,-2.184,0,-1.15,0
2024-07-08 13:57:12.135,0,-2.184,0,-0.75,0
2024-07-08 13:57:12.174,0,-2.184,0,-0.35,0
2024-07-08 13:57:12.214,0,-2.184,0,0.04999995,0
2024-07-08 13:57:12.254,0,-2.184,0,0.4499999,0
2024-07-08 13:57:12.295,0,-2.184,0,0.8499999,0
2024-07-08 13:57:12.334,0,-2.184,0,1.25,0
2024-07-08 13:57:12.376,0,-2.184,0,1.65,0
2024-07-08 13:57:12.415,0,-2.184,0,2.05,0
2024-07-08 13:57:12.456,0,-2.184,0,2.45,0
2024-07-08 13:57:12.495,0,-2.184,0,2.85,0
2024-07-08 13:57:12.535,0,-2.184,0,3.25,0
2024-07-08 13:57:12.574,0,-2.184,0,-2.75,0
2024-07-08 13:57:12.614,0,-2.184,0,-2.35,0
2024-07-08 13:57:12.654,0,-2.184,0,-1.95,0
2024-07-08 13:57:12.694,0,-2.184,0,-1.55,0
2024-07-08 13:57:12.734,0,-2.184,0,-1.15,0
2024-07-08 13:57:12.774,0,-2.184,0,-0.75,0
2024-07-08 13:57:12.816,0,-2.184,0,-0.35,0
2024-07-08 13:57:12.855,0,-2.184,0,0.04999995,0
2024-07-08 13:57:12.894,0,-2.184,0,0.4499999,0
2024-07-08 13:57:12.934,0,-2.184,0,0.8499999,0
2024-07-08 13:57:12.975,0,-2.184,0,1.25,0
2024-07-08 13:57:13.014,0,-2.184,0,1.65,0
2024-07-08 13:57:13.054,0,-2.184,0,2.05,0
2024-07-08 13:57:13.095,0,-2.184,0,2.45,0
2024-07-08 13:57:13.135,0,-2.184,0,2.85,0
