Time,PlayerX,PlayerY,EnemyX,EnemyY,BallX,BallY,PlayerScore,EnemyScore
10-07-2024 12:12:05,0,0,-6,0,0,0,0,0
10-07-2024 12:12:05,6.38,0,-6,0,0,0,0,0
10-07-2024 12:12:05,6.38,0,-6,0,-0.03,-0.03,0,0
10-07-2024 12:12:05,6.38,0,-6,0,-0.06,-0.06,0,0
10-07-2024 12:12:05,6.38,0,-6,0,-0.09,-0.09,0,0
10-07-2024 12:12:05,6.38,0,-6,0,-0.09,-0.09,0,0
10-07-2024 12:12:05,6.38,0,-6,0,-0.12,-0.12,0,0
10-07-2024 12:12:05,6.38,0,-6,0,-0.15,-0.15,0,0
10-07-2024 12:12:05,6.38,0,-6,0,-0.18,-0.18,0,0
10-07-2024 12:12:05,6.38,0,-6,0,-0.18,-0.18,0,0
10-07-2024 12:12:05,6.38,0,-6,0,-0.21,-0.21,0,0
10-07-2024 12:12:05,6.38,0,-6,0,-0.21,-0.21,0,0
10-07-2024 12:12:05,6.38,0,-6,0,-0.24,-0.24,0,0
10-07-2024 12:12:05,6.38,0,-6,0,-0.27,-0.27,0,0
10-07-2024 12:12:05,6.38,0,-6,0,-0.27,-0.27,0,0
10-07-2024 12:12:05,6.38,0,-6,0,-0.3,-0.3,0,0
10-07-2024 12:12:05,6.38,0,-6,0,-0.3,-0.3,0,0
10-07-2024 12:12:05,6.38,0,-6,-0.035,-0.33,-0.33,0,0
10-07-2024 12:12:05,6.38,0,-6,-0.07,-0.36,-0.36,0,0
10-07-2024 12:12:05,6.38,0,-6,-0.07,-0.36,-0.36,0,0
10-07-2024 12:12:05,6.38,0,-6,-0.105,-0.39,-0.39,0,0
10-07-2024 12:12:05,6.38,0,-6,-0.14,-0.42,-0.42,0,0
10-07-2024 12:12:05,6.38,0,-6,-0.14,-0.42,-0.42,0,0
10-07-2024 12:12:05,6.38,0,-6,-0.175,-0.45,-0.45,0,0
10-07-2024 12:12:05,6.38,0,-6,-0.21,-0.48,-0.48,0,0
10-07-2024 12:12:06,6.38,0,-6,-0.21,-0.48,-0.48,0,0
10-07-2024 12:12:06,6.38,0,-6,-0.21,-0.51,-0.51,0,0
10-07-2024 12:12:06,6.38,0,-6,-0.245,-0.54,-0.54,0,0
10-07-2024 12:12:06,6.38,0,-6,-0.245,-0.54,-0.54,0,0
10-07-2024 12:12:06,6.38,0,-6,-0.28,-0.5699999,-0.5699999,0,0
10-07-2024 12:12:06,6.38,0,-6,-0.28,-0.5699999,-0.5699999,0,0
10-07-2024 12:12:06,6.38,0,-6,-0.315,-0.5999999,-0.5999999,0,0
10-07-2024 12:12:06,6.38,0,-6,-0.35,-0.6299999,-0.6299999,0,0
10-07-2024 12:12:06,6.38,0,-6,-0.35,-0.6299999,-0.6299999,0,0
10-07-2024 12:12:06,6.38,0,-6,-0.385,-0.6599998,-0.6599998,0,0
10-07-2024 12:12:06,6.38,0,-6,-0.385,-0.6599998,-0.6599998,0,0
10-07-2024 12:12:06,6.38,0,-6,-0.42,-0.6899998,-0.6899998,0,0
10-07-2024 12:12:06,6.38,0,-6,-0.42,-0.7199998,-0.7199998,0,0
10-07-2024 12:12:06,6.38,0,-6,-0.455,-0.7499998,-0.7499998,0,0
10-07-2024 12:12:06,6.38,0,-6,-0.49,-0.7799997,-0.7799997,0,0
10-07-2024 12:12:06,6.38,0,-6,-0.49,-0.7799997,-0.7799997,0,0
10-07-2024 12:12:06,6.38,0,-6,-0.525,-0.8099997,-0.8099997,0,0
10-07-2024 12:12:06,6.38,0,-6,-0.56,-0.8399997,-0.8399997,0,0
10-07-2024 12:12:06,6.38,0,-6,-0.595,-0.8699996,-0.8699996,0,0
10-07-2024 12:12:06,6.38,0,-6,-0.6300001,-0.8999996,-0.8999996,0,0
10-07-2024 12:12:06,6.38,0,-6,-0.6300001,-0.8999996,-0.8999996,0,0
10-07-2024 12:12:06,6.38,0,-6,-0.6300001,-0.9299996,-0.9299996,0,0
10-07-2024 12:12:06,6.38,0,-6,-0.6650001,-0.9599996,-0.9599996,0,0
10-07-2024 12:12:06,6.38,0,-6,-0.7000001,-0.9899995,-0.9899995,0,0
10-07-2024 12:12:06,6.38,0,-6,-0.7350001,-1.02,-1.02,0,0
10-07-2024 12:12:06,6.38,0,-6,-0.7350001,-1.02,-1.02,0,0
10-07-2024 12:12:06,6.38,0,-6,-0.7700002,-1.049999,-1.049999,0,0
10-07-2024 12:12:06,6.38,0,-6,-0.8050002,-1.079999,-1.079999,0,0
10-07-2024 12:12:06,6.38,0,-6,-0.8400002,-1.109999,-1.109999,0,0
10-07-2024 12:12:06,6.38,0,-6,-0.8400002,-1.109999,-1.109999,0,0
10-07-2024 12:12:06,6.38,0,-6,-0.8400002,-1.139999,-1.139999,0,0
10-07-2024 12:12:06,6.38,0,-6,-0.8750002,-1.169999,-1.169999,0,0
10-07-2024 12:12:06,6.38,0,-6,-0.9100003,-1.199999,-1.199999,0,0
10-07-2024 12:12:06,6.38,0,-6,-0.9100003,-1.199999,-1.199999,0,0
10-07-2024 12:12:06,6.38,0,-6,-0.9450003,-1.229999,-1.229999,0,0
10-07-2024 12:12:06,6.38,0,-6,-0.9800003,-1.259999,-1.259999,0,0
10-07-2024 12:12:06,6.38,0,-6,-1.015,-1.289999,-1.289999,0,0
10-07-2024 12:12:06,6.38,0,-6,-1.015,-1.289999,-1.289999,0,0
10-07-2024 12:12:06,6.38,0,-6,-1.05,-1.319999,-1.319999,0,0
10-07-2024 12:12:06,6.38,0,-6,-1.05,-1.349999,-1.349999,0,0
10-07-2024 12:12:06,6.38,0,-6,-1.085,-1.379999,-1.379999,0,0
10-07-2024 12:12:06,6.38,0,-6,-1.085,-1.379999,-1.379999,0,0
10-07-2024 12:12:06,6.38,0,-6,-1.12,-1.409999,-1.409999,0,0
10-07-2024 12:12:06,6.38,0,-6,-1.155,-1.439999,-1.439999,0,0
10-07-2024 12:12:06,6.38,0,-6,-1.19,-1.469999,-1.469999,0,0
10-07-2024 12:12:06,6.38,0,-6,-1.19,-1.469999,-1.469999,0,0
10-07-2024 12:12:06,6.38,0,-6,-1.225,-1.499999,-1.499999,0,0
10-07-2024 12:12:06,6.38,0,-6,-1.26,-1.529999,-1.529999,0,0
10-07-2024 12:12:06,6.38,0,-6,-1.26,-1.529999,-1.529999,0,0
10-07-2024 12:12:06,6.38,0,-6,-1.26,-1.559999,-1.559999,0,0
10-07-2024 12:12:06,6.38,0,-6,-1.295,-1.589999,-1.589999,0,0
10-07-2024 12:12:06,6.38,0,-6,-1.33,-1.619999,-1.619999,0,0
10-07-2024 12:12:06,6.38,0,-6,-1.33,-1.619999,-1.619999,0,0
10-07-2024 12:12:06,6.38,0,-6,-1.365,-1.649999,-1.649999,0,0
10-07-2024 12:12:06,6.38,0,-6,-1.4,-1.679999,-1.679999,0,0
10-07-2024 12:12:06,6.38,0,-6,-1.435,-1.709999,-1.709999,0,0
10-07-2024 12:12:06,6.38,0,-6,-1.435,-1.709999,-1.709999,0,0
10-07-2024 12:12:06,6.38,0,-6,-1.47,-1.739999,-1.739999,0,0
10-07-2024 12:12:06,6.38,0,-6,-1.47,-1.769999,-1.769999,0,0
10-07-2024 12:12:06,6.38,0,-6,-1.47,-1.769999,-1.769999,0,0
10-07-2024 12:12:06,6.38,0,-6,-1.505,-1.799999,-1.799999,0,0
10-07-2024 12:12:06,6.38,0,-6,-1.54,-1.829999,-1.829999,0,0
10-07-2024 12:12:06,6.38,0,-6,-1.575,-1.859999,-1.859999,0,0
10-07-2024 12:12:06,6.38,0,-6,-1.575,-1.859999,-1.859999,0,0
10-07-2024 12:12:06,6.38,0,-6,-1.61,-1.889999,-1.889999,0,0
10-07-2024 12:12:06,6.38,0,-6,-1.645,-1.919999,-1.919999,0,0
10-07-2024 12:12:06,6.38,0,-6,-1.68,-1.949999,-1.949999,0,0
10-07-2024 12:12:06,6.38,0,-6,-1.68,-1.949999,-1.949999,0,0
10-07-2024 12:12:06,6.38,0,-6,-1.68,-1.979999,-1.979999,0,0
10-07-2024 12:12:07,6.38,0,-6,-1.715,-2.009999,-2.009999,0,0
10-07-2024 12:12:07,6.38,0,-6,-1.715,-2.009999,-2.009999,0,0
10-07-2024 12:12:07,6.38,0,-6,-1.75,-2.039999,-2.039999,0,0
10-07-2024 12:12:07,6.38,0,-6,-1.785,-2.069999,-2.069999,0,0
10-07-2024 12:12:07,6.38,0,-6,-1.82,-2.099998,-2.099998,0,0
10-07-2024 12:12:07,6.38,0,-6,-1.82,-2.099998,-2.099998,0,0
10-07-2024 12:12:07,6.38,0,-6,-1.855,-2.129998,-2.129998,0,0
10-07-2024 12:12:07,6.38,0,-6,-1.89,-2.159998,-2.159998,0,0
10-07-2024 12:12:07,6.38,0,-6,-1.89,-2.159998,-2.159998,0,0
10-07-2024 12:12:07,6.38,0,-6,-1.89,-2.189998,-2.189998,0,0
10-07-2024 12:12:07,6.38,0,-6,-1.924999,-2.219998,-2.219998,0,0
10-07-2024 12:12:07,6.38,0,-6,-1.959999,-2.249998,-2.249998,0,0
10-07-2024 12:12:07,6.38,0,-6,-1.959999,-2.249998,-2.249998,0,0
10-07-2024 12:12:07,6.38,0,-6,-1.994999,-2.279998,-2.279998,0,0
10-07-2024 12:12:07,6.38,0,-6,-2.029999,-2.309998,-2.309998,0,0
10-07-2024 12:12:07,6.38,0,-6,-2.065,-2.339998,-2.339998,0,0
10-07-2024 12:12:07,6.38,0,-6,-2.1,-2.369998,-2.369998,0,0
10-07-2024 12:12:07,6.38,0,-6,-2.1,-2.369998,-2.369998,0,0
10-07-2024 12:12:07,6.38,0,-6,-2.1,-2.399998,-2.399998,0,0
10-07-2024 12:12:07,6.38,0,-6,-2.135,-2.429998,-2.429998,0,0
10-07-2024 12:12:07,6.38,0,-6,-2.135,-2.429998,-2.429998,0,0
10-07-2024 12:12:07,6.38,0,-6,-2.17,-2.459998,-2.459998,0,0
10-07-2024 12:12:07,6.38,0,-6,-2.205,-2.489998,-2.489998,0,0
10-07-2024 12:12:07,6.38,0,-6,-2.24,-2.519998,-2.519998,0,0
10-07-2024 12:12:07,6.38,0,-6,-2.24,-2.519998,-2.519998,0,0
10-07-2024 12:12:07,6.38,0,-6,-2.275,-2.549998,-2.549998,0,0
10-07-2024 12:12:07,6.38,0,-6,-2.31,-2.579998,-2.579998,0,0
10-07-2024 12:12:07,6.38,0,-6,-2.31,-2.579998,-2.579998,0,0
10-07-2024 12:12:07,6.38,0,-6,-2.31,-2.609998,-2.609998,0,0
10-07-2024 12:12:07,6.38,0,-6,-2.345,-2.639998,-2.639998,0,0
10-07-2024 12:12:07,6.38,0,-6,-2.345,-2.639998,-2.639998,0,0
10-07-2024 12:12:07,6.38,0,-6,-2.38,-2.669998,-2.669998,0,0
10-07-2024 12:12:07,6.38,0,-6,-2.415,-2.699998,-2.699998,0,0
10-07-2024 12:12:07,6.38,0,-6,-2.415,-2.699998,-2.699998,0,0
10-07-2024 12:12:07,6.38,0,-6,-2.450001,-2.729998,-2.729998,0,0
10-07-2024 12:12:07,6.38,0,-6,-2.485001,-2.759998,-2.759998,0,0
10-07-2024 12:12:07,6.38,0,-6,-2.520001,-2.789998,-2.789998,0,0
10-07-2024 12:12:07,6.38,0,-6,-2.520001,-2.789998,-2.789998,0,0
10-07-2024 12:12:07,6.38,0,-6,-2.520001,-2.819998,-2.819998,0,0
10-07-2024 12:12:07,6.38,0,-6,-2.555001,-2.849998,-2.849998,0,0
10-07-2024 12:12:07,6.38,0,-6,-2.555001,-2.849998,-2.849998,0,0
10-07-2024 12:12:07,6.38,0,-6,-2.590001,-2.879998,-2.879998,0,0
10-07-2024 12:12:07,6.38,0,-6,-2.625001,-2.909998,-2.909998,0,0
10-07-2024 12:12:07,6.38,0,-6,-2.625001,-2.909998,-2.909998,0,0
10-07-2024 12:12:07,6.38,0,-6,-2.660001,-2.939998,-2.939998,0,0
10-07-2024 12:12:07,6.38,0,-6,-2.695001,-2.969998,-2.969998,0,0
10-07-2024 12:12:07,6.38,0,-6,-2.730001,-2.999998,-2.999998,0,0
10-07-2024 12:12:07,6.38,0,-6,-2.730001,-3.029998,-3.029998,0,0
10-07-2024 12:12:07,6.38,0,-6,-2.730001,-3.029998,-3.029998,0,0
10-07-2024 12:12:07,6.38,0,-6,-2.765001,-3.059998,-3.059998,0,0
10-07-2024 12:12:07,6.38,0,-6,-2.765001,-3.059998,-3.059998,0,0
10-07-2024 12:12:07,6.38,0,-6,-2.800001,-3.089998,-3.089998,0,0
10-07-2024 12:12:07,6.38,0,-6,-2.835001,-3.119998,-3.119998,0,0
10-07-2024 12:12:07,6.38,0,-6,-2.870002,-3.149997,-3.149997,0,0
10-07-2024 12:12:07,6.38,0,-6,-2.870002,-3.149997,-3.149997,0,0
10-07-2024 12:12:07,6.38,0,-6,-2.905002,-3.179997,-3.179997,0,0
10-07-2024 12:12:07,6.38,0,-6,-2.940002,-3.209997,-3.209997,0,0
10-07-2024 12:12:07,6.38,0,-6,-2.940002,-3.209997,-3.209997,0,0
10-07-2024 12:12:07,6.38,0,-6,-2.940002,-3.239997,-3.239997,0,0
10-07-2024 12:12:07,6.38,0,-6,-2.975002,-3.269997,-3.269997,0,0
10-07-2024 12:12:07,6.38,0,-6,-2.975002,-3.269997,-3.269997,0,0
10-07-2024 12:12:07,6.38,0,-6,-3.010002,-3.299997,-3.299997,0,0
10-07-2024 12:12:07,6.38,0,-6,-3.045002,-3.329997,-3.329997,0,0
10-07-2024 12:12:07,6.38,0,-6,-3.080002,-3.359997,-3.359997,0,0
10-07-2024 12:12:07,6.38,0,-6,-3.080002,-3.359997,-3.359997,0,0
10-07-2024 12:12:07,6.38,0,-6,-3.115002,-3.389997,-3.389997,0,0
10-07-2024 12:12:07,6.38,0,-6,-3.150002,-3.419997,-3.419997,0,0
10-07-2024 12:12:07,6.38,0,-6,-3.150002,-3.419997,-3.419997,0,0
10-07-2024 12:12:07,6.38,0,-6,-3.150002,-3.449997,-3.449997,0,0
10-07-2024 12:12:07,6.38,0,-6,-3.185002,-3.479997,-3.479997,0,0
10-07-2024 12:12:08,6.38,0,-6,-3.220002,-3.509997,-3.509997,0,0
10-07-2024 12:12:08,6.38,0,-6,-3.220002,-3.509997,-3.509997,0,0
10-07-2024 12:12:08,6.38,0,-6,-3.255002,-3.539997,-3.539997,0,0
10-07-2024 12:12:08,6.38,0,-6,-3.290003,-3.569997,-3.569997,0,0
10-07-2024 12:12:08,6.38,0,-6,-3.290003,-3.569997,-3.569997,0,0
10-07-2024 12:12:08,6.38,0,-6,-3.325003,-3.599997,-3.599997,0,0
10-07-2024 12:12:08,6.38,0,-6,-3.360003,-3.629997,-3.629997,0,0
10-07-2024 12:12:08,6.38,0,-6,-3.360003,-3.629997,-3.629997,0,0
10-07-2024 12:12:08,6.38,0,-6,-3.360003,-3.659997,-3.659997,0,0
10-07-2024 12:12:08,6.38,0,-6,-3.395003,-3.689997,-3.689997,0,0
10-07-2024 12:12:08,6.38,0,-6,-3.430003,-3.719997,-3.719997,0,0
10-07-2024 12:12:08,6.38,0,-6,-3.430003,-3.719997,-3.719997,0,0
10-07-2024 12:12:08,6.38,0,-6,-3.465003,-3.749997,-3.749997,0,0
10-07-2024 12:12:08,6.38,0,-6,-3.500003,-3.779997,-3.779997,0,0
10-07-2024 12:12:08,6.38,0,-6,-3.500003,-3.779997,-3.779997,0,0
10-07-2024 12:12:08,6.38,0,-6,-3.535003,-3.809997,-3.809997,0,0
10-07-2024 12:12:08,6.38,0,-6,-3.570003,-3.839997,-3.839997,0,0
10-07-2024 12:12:08,6.38,0,-6,-3.570003,-3.839997,-3.839997,0,0
10-07-2024 12:12:08,6.38,0,-6,-3.570003,-3.869997,-3.869997,0,0
10-07-2024 12:12:08,6.38,0,-6,-3.605003,-3.899997,-3.899997,0,0
10-07-2024 12:12:08,6.38,0,-6,-3.605003,-3.899997,-3.899997,0,0
10-07-2024 12:12:08,6.38,0,-6,-3.640003,-3.929997,-3.929997,0,0
10-07-2024 12:12:08,6.38,0,-6,-3.675004,-3.959997,-3.959997,0,0
10-07-2024 12:12:08,6.38,0,-6,-3.675004,-3.959997,-3.959997,0,0
10-07-2024 12:12:08,6.38,0,-6,-3.710004,-3.989997,-3.989997,0,0
10-07-2024 12:12:08,6.38,0,-6,-3.745004,-4.019997,-4.019997,0,0
10-07-2024 12:12:08,6.38,0,-6,-3.745004,-4.019997,-4.019997,0,0
10-07-2024 12:12:08,6.38,0,-6,-3.780004,-4.049997,-4.049997,0,0
10-07-2024 12:12:08,6.38,0,-6,-3.780004,-4.079997,-4.079997,0,0
10-07-2024 12:12:08,6.38,0,-6,-3.815004,-4.109997,-4.109997,0,0
10-07-2024 12:12:08,6.38,0,-6,-3.815004,-4.109997,-4.109997,0,0
10-07-2024 12:12:08,6.38,0,-6,-3.850004,-4.139997,-4.139997,0,0
10-07-2024 12:12:08,6.38,0,-6,-3.885004,-4.169998,-4.169998,0,0
10-07-2024 12:12:08,6.38,0,-6,-3.885004,-4.169998,-4.169998,0,0
10-07-2024 12:12:08,6.38,0,-6,-3.920004,-4.199998,-4.199998,0,0
10-07-2024 12:12:08,6.38,0,-6,-3.955004,-4.229998,-4.229998,0,0
10-07-2024 12:12:08,6.38,0,-6,-3.955004,-4.229998,-4.229998,0,0
10-07-2024 12:12:08,6.38,0,-6,-3.990004,-4.259998,-4.259998,0,0
10-07-2024 12:12:08,6.38,0,-6,-3.990004,-4.289999,-4.289999,0,0
10-07-2024 12:12:08,6.38,0,-6,-4.025004,-4.319999,-4.319999,0,0
10-07-2024 12:12:08,6.38,0,-6,-4.025004,-4.319999,-4.319999,0,0
10-07-2024 12:12:08,6.38,0,-6,-4.060004,-4.349999,-4.349999,0,0
10-07-2024 12:12:08,6.38,0,-6,-4.095004,-4.379999,-4.379999,0,0
10-07-2024 12:12:08,6.38,0,-6,-4.095004,-4.379999,-4.379999,0,0
10-07-2024 12:12:08,6.38,0,-6,-4.130004,-4.409999,-4.409999,0,0
10-07-2024 12:12:08,6.38,0,-6,-4.165004,-4.44,-4.44,0,0
10-07-2024 12:12:08,6.38,0,-6,-4.165004,-4.44,-4.44,0,0
10-07-2024 12:12:08,6.38,0,-6,-4.200004,-4.47,-4.47,0,0
10-07-2024 12:12:08,6.38,0,-6,-4.200004,-4.5,-4.5,0,0
10-07-2024 12:12:08,6.38,0,-6,-4.200004,-4.5,-4.5,0,0
10-07-2024 12:12:08,6.38,0,-6,-4.235003,-4.53,-4.53,0,0
10-07-2024 12:12:08,6.38,0,-6,-4.270003,-4.56,-4.56,0,0
10-07-2024 12:12:08,6.38,0,-6,-4.305003,-4.590001,-4.590001,0,0
10-07-2024 12:12:08,6.38,0,-6,-4.305003,-4.590001,-4.590001,0,0
10-07-2024 12:12:08,6.38,0,-6,-4.340003,-4.620001,-4.620001,0,0
10-07-2024 12:12:08,6.38,0,-6,-4.375003,-4.650001,-4.650001,0,0
10-07-2024 12:12:08,6.38,0,-6,-4.375003,-4.650001,-4.650001,0,0
10-07-2024 12:12:08,6.38,0,-6,-4.410003,-4.680001,-4.680001,0,0
10-07-2024 12:12:08,6.38,0,-6,-4.410003,-4.710001,-4.710001,0,0
10-07-2024 12:12:08,6.38,0,-6,-4.410003,-4.740002,-4.674002,0,0
10-07-2024 12:12:08,6.38,0,-6,-4.410003,-4.740002,-4.674002,0,0
10-07-2024 12:12:08,6.38,0,-6,-4.410003,-4.770002,-4.638002,0,0
10-07-2024 12:12:08,6.38,0,-6,-4.410003,-4.800002,-4.602002,0,0
10-07-2024 12:12:08,6.38,0,-6,-4.410003,-4.830002,-4.566002,0,0
10-07-2024 12:12:08,6.38,0,-6,-4.410003,-4.830002,-4.566002,0,0
10-07-2024 12:12:08,6.38,0,-6,-4.410003,-4.860003,-4.530003,0,0
10-07-2024 12:12:08,6.38,0,-6,-4.410003,-4.890003,-4.494003,0,0
10-07-2024 12:12:08,6.38,0,-6,-4.410003,-4.890003,-4.494003,0,0
10-07-2024 12:12:08,6.38,0,-6,-4.410003,-4.920003,-4.458003,0,0
10-07-2024 12:12:08,6.38,0,-6,-4.410003,-4.950003,-4.422003,0,0
10-07-2024 12:12:08,6.38,0,-6,-4.410003,-4.950003,-4.422003,0,0
10-07-2024 12:12:08,6.38,0,-6,-4.410003,-4.980003,-4.386003,0,0
10-07-2024 12:12:09,6.38,0,-6,-4.410003,-5.010004,-4.350004,0,0
10-07-2024 12:12:09,6.38,0,-6,-4.410003,-5.010004,-4.350004,0,0
10-07-2024 12:12:09,6.38,0,-6,-4.410003,-5.040004,-4.314004,0,0
10-07-2024 12:12:09,6.38,0,-6,-4.410003,-5.070004,-4.278004,0,0
10-07-2024 12:12:09,6.38,0,-6,-4.410003,-5.070004,-4.278004,0,0
10-07-2024 12:12:09,6.38,0,-6,-4.410003,-5.100004,-4.242004,0,0
10-07-2024 12:12:09,6.38,0,-6,-4.410003,-5.130004,-4.206005,0,0
10-07-2024 12:12:09,6.38,0,-6,-4.410003,-5.160005,-4.170005,0,0
10-07-2024 12:12:09,6.38,0,-6,-4.410003,-5.160005,-4.170005,0,0
10-07-2024 12:12:09,6.38,0,-6,-4.410003,-5.190005,-4.134005,0,0
10-07-2024 12:12:09,6.38,0,-6,-4.375003,-5.220005,-4.098005,0,0
10-07-2024 12:12:09,6.38,0,-6,-4.375003,-5.220005,-4.098005,0,0
10-07-2024 12:12:09,6.38,0,-6,-4.340003,-5.250005,-4.062006,0,0
10-07-2024 12:12:09,6.38,0,-6,-4.305003,-5.280005,-4.026006,0,0
10-07-2024 12:12:09,6.38,0,-6,-4.305003,-5.280005,-4.026006,0,0
10-07-2024 12:12:09,6.38,0,-6,-4.270003,-5.310006,-3.990006,0,0
10-07-2024 12:12:09,6.38,0,-6,-4.235003,-5.340006,-3.954006,0,0
10-07-2024 12:12:09,6.38,0,-6,-4.235003,-5.340006,-3.954006,0,0
10-07-2024 12:12:09,6.38,0,-6,-4.200004,-5.370006,-3.918006,0,0
10-07-2024 12:12:09,6.38,0,-6,-4.165004,-5.400006,-3.882006,0,0
10-07-2024 12:12:09,6.38,0,-6,-4.165004,-5.400006,-3.882006,0,0
10-07-2024 12:12:09,6.38,0,-6,-4.130004,-5.430007,-3.846006,0,0
10-07-2024 12:12:09,6.38,0,-6,-4.095004,-5.460007,-3.810006,0,0
10-07-2024 12:12:09,6.38,0,-6,-4.060004,-5.490007,-3.774006,0,0
10-07-2024 12:12:09,6.38,0,-6,-4.060004,-5.490007,-3.774006,0,0
10-07-2024 12:12:09,6.38,0,-6,-4.025004,-5.520007,-3.738006,0,0
10-07-2024 12:12:09,6.38,0,-6,-3.990004,-5.550007,-3.702006,0,0
10-07-2024 12:12:09,6.38,0,-6,-3.990004,-5.550007,-3.702006,0,0
10-07-2024 12:12:09,6.38,0,-6,-3.955004,-5.580008,-3.666006,0,0
10-07-2024 12:12:09,6.38,0,-6,-3.920004,-5.610008,-3.630006,0,0
10-07-2024 12:12:09,6.38,0,-6,-3.920004,-5.610008,-3.630006,0,0
10-07-2024 12:12:09,6.38,0,-6,-3.920004,-5.574008,-3.594006,0,0
10-07-2024 12:12:09,6.38,0,-6,-3.920004,-5.534182,-3.573057,0,0
10-07-2024 12:12:09,6.38,0,-6,-3.920004,-5.494355,-3.552108,0,0
10-07-2024 12:12:09,6.38,0,-6,-3.920004,-5.494355,-3.552108,0,0
10-07-2024 12:12:09,6.38,0,-6,-3.920004,-5.454529,-3.53116,0,0
10-07-2024 12:12:09,6.38,0,-6,-3.920004,-5.414702,-3.510211,0,0
10-07-2024 12:12:09,6.38,0,-6,-3.920004,-5.414702,-3.510211,0,0
10-07-2024 12:12:09,6.38,0,-6,-3.920004,-5.374876,-3.489262,0,0
10-07-2024 12:12:09,6.38,0,-6,-3.920004,-5.33505,-3.468314,0,0
10-07-2024 12:12:09,6.38,0,-6,-3.920004,-5.33505,-3.468314,0,0
10-07-2024 12:12:09,6.38,0,-6,-3.920004,-5.295223,-3.447365,0,0
10-07-2024 12:12:09,6.38,0,-6,-3.920004,-5.255397,-3.426416,0,0
10-07-2024 12:12:09,6.38,0,-6,-3.920004,-5.21557,-3.405468,0,0
10-07-2024 12:12:09,6.38,0,-6,-3.920004,-5.21557,-3.405468,0,0
10-07-2024 12:12:09,6.38,0,-6,-3.920004,-5.175744,-3.384519,0,0
10-07-2024 12:12:09,6.38,0,-6,-3.920004,-5.135918,-3.36357,0,0
10-07-2024 12:12:09,6.38,0,-6,-3.920004,-5.135918,-3.36357,0,0
10-07-2024 12:12:09,6.38,0,-6,-3.920004,-5.096091,-3.342622,0,0
10-07-2024 12:12:09,6.38,0,-6,-3.920004,-5.056265,-3.321673,0,0
10-07-2024 12:12:09,6.38,0,-6,-3.920004,-5.016438,-3.300725,0,0
10-07-2024 12:12:09,6.38,0,-6,-3.920004,-5.016438,-3.300725,0,0
10-07-2024 12:12:09,6.38,0,-6,-3.920004,-4.976612,-3.279776,0,0
10-07-2024 12:12:09,6.38,0,-6,-3.920004,-4.936786,-3.258827,0,0
10-07-2024 12:12:09,6.38,0,-6,-3.920004,-4.936786,-3.258827,0,0
10-07-2024 12:12:09,6.38,0,-6,-3.920004,-4.896959,-3.237879,0,0
10-07-2024 12:12:09,6.38,0,-6,-3.920004,-4.857133,-3.21693,0,0
10-07-2024 12:12:09,6.38,0,-6,-3.920004,-4.817307,-3.195981,0,0
10-07-2024 12:12:09,6.38,0,-6,-3.920004,-4.817307,-3.195981,0,0
10-07-2024 12:12:09,6.38,0,-6,-3.920004,-4.77748,-3.175033,0,0
10-07-2024 12:12:09,6.38,0,-6,-3.920004,-4.737654,-3.154084,0,0
10-07-2024 12:12:09,6.38,0,-6,-3.920004,-4.737654,-3.154084,0,0
10-07-2024 12:12:09,6.38,0,-6,-3.920004,-4.697827,-3.133135,0,0
10-07-2024 12:12:09,6.38,0,-6,-3.920004,-4.658001,-3.112187,0,0
10-07-2024 12:12:09,6.38,0,-6,-3.920004,-4.658001,-3.112187,0,0
10-07-2024 12:12:09,6.38,0,-6,-3.920004,-4.618175,-3.091238,0,0
10-07-2024 12:12:09,6.38,0,-6,-3.920004,-4.578348,-3.070289,0,0
10-07-2024 12:12:09,6.38,0,-6,-3.920004,-4.578348,-3.070289,0,0
10-07-2024 12:12:09,6.38,0,-6,-3.920004,-4.538522,-3.049341,0,0
10-07-2024 12:12:09,6.38,0,-6,-3.920004,-4.498695,-3.028392,0,0
10-07-2024 12:12:09,6.38,0,-6,-3.920004,-4.458869,-3.007443,0,0
10-07-2024 12:12:10,6.38,0,-6,-3.920004,-4.458869,-3.007443,0,0
10-07-2024 12:12:10,6.38,0,-6,-3.920004,-4.419043,-2.986495,0,0
10-07-2024 12:12:10,6.38,0,-6,-3.920004,-4.379216,-2.965546,0,0
10-07-2024 12:12:10,6.38,0,-6,-3.920004,-4.379216,-2.965546,0,0
10-07-2024 12:12:10,6.38,0,-6,-3.920004,-4.33939,-2.944597,0,0
10-07-2024 12:12:10,6.38,0,-6,-3.920004,-4.299563,-2.923649,0,0
10-07-2024 12:12:10,6.38,0,-6,-3.920004,-4.299563,-2.923649,0,0
10-07-2024 12:12:10,6.38,0,-6,-3.920004,-4.259737,-2.9027,0,0
10-07-2024 12:12:10,6.38,0,-6,-3.920004,-4.219911,-2.881752,0,0
10-07-2024 12:12:10,6.38,0,-6,-3.920004,-4.219911,-2.881752,0,0
10-07-2024 12:12:10,6.38,0,-6,-3.920004,-4.180084,-2.860803,0,0
10-07-2024 12:12:10,6.38,0,-6,-3.920004,-4.140258,-2.839854,0,0
10-07-2024 12:12:10,6.38,0,-6,-3.920004,-4.140258,-2.839854,0,0
10-07-2024 12:12:10,6.38,0,-6,-3.920004,-4.100431,-2.818906,0,0
10-07-2024 12:12:10,6.38,0,-6,-3.920004,-4.060605,-2.797957,0,0
10-07-2024 12:12:10,6.38,0,-6,-3.920004,-4.020779,-2.777008,0,0
10-07-2024 12:12:10,6.38,0,-6,-3.920004,-4.020779,-2.777008,0,0
10-07-2024 12:12:10,6.38,0,-6,-3.920004,-3.980952,-2.75606,0,0
10-07-2024 12:12:10,6.38,0,-6,-3.920004,-3.941125,-2.735111,0,0
10-07-2024 12:12:10,6.38,0,-6,-3.920004,-3.941125,-2.735111,0,0
10-07-2024 12:12:10,6.38,0,-6,-3.920004,-3.901299,-2.714162,0,0
10-07-2024 12:12:10,6.38,0,-6,-3.920004,-3.861472,-2.693214,0,0
10-07-2024 12:12:10,6.38,0,-6,-3.920004,-3.821645,-2.672265,0,0
10-07-2024 12:12:10,6.38,0,-6,-3.920004,-3.821645,-2.672265,0,0
10-07-2024 12:12:10,6.38,0,-6,-3.920004,-3.781819,-2.651316,0,0
10-07-2024 12:12:10,6.38,0,-6,-3.920004,-3.741992,-2.630368,0,0
10-07-2024 12:12:10,6.38,0,-6,-3.920004,-3.741992,-2.630368,0,0
10-07-2024 12:12:10,6.38,0,-6,-3.920004,-3.702166,-2.609419,0,0
10-07-2024 12:12:10,6.38,0,-6,-3.920004,-3.662339,-2.58847,0,0
10-07-2024 12:12:10,6.38,0,-6,-3.920004,-3.662339,-2.58847,0,0
10-07-2024 12:12:10,6.38,0,-6,-3.920004,-3.622512,-2.567522,0,0
10-07-2024 12:12:10,6.38,0,-6,-3.920004,-3.582686,-2.546573,0,0
10-07-2024 12:12:10,6.38,0,-6,-3.920004,-3.582686,-2.546573,0,0
10-07-2024 12:12:10,6.38,0,-6,-3.920004,-3.542859,-2.525625,0,0
10-07-2024 12:12:10,6.38,0,-6,-3.920004,-3.503032,-2.504676,0,0
10-07-2024 12:12:10,6.38,0,-6,-3.920004,-3.463206,-2.483727,0,0
10-07-2024 12:12:10,6.38,0,-6,-3.920004,-3.463206,-2.483727,0,0
10-07-2024 12:12:10,6.38,0,-6,-3.920004,-3.423379,-2.462779,0,0
10-07-2024 12:12:10,6.38,0,-6,-3.920004,-3.383553,-2.44183,0,0
10-07-2024 12:12:10,6.38,0,-6,-3.920004,-3.383553,-2.44183,0,0
10-07-2024 12:12:10,6.38,0,-6,-3.920004,-3.343726,-2.420881,0,0
10-07-2024 12:12:10,6.38,0,-6,-3.920004,-3.303899,-2.399933,0,0
10-07-2024 12:12:10,6.38,0,-6,-3.920004,-3.264073,-2.378984,0,0
10-07-2024 12:12:10,6.38,0,-6,-3.920004,-3.264073,-2.378984,0,0
10-07-2024 12:12:10,6.38,0,-6,-3.920004,-3.224246,-2.358035,0,0
10-07-2024 12:12:10,6.38,0,-6,-3.920004,-3.184419,-2.337087,0,0
10-07-2024 12:12:10,6.38,0,-6,-3.920004,-3.184419,-2.337087,0,0
10-07-2024 12:12:10,6.38,0,-6,-3.920004,-3.144593,-2.316138,0,0
10-07-2024 12:12:10,6.38,0,-6,-3.920004,-3.104766,-2.295189,0,0
10-07-2024 12:12:10,6.38,0,-6,-3.920004,-3.104766,-2.295189,0,0
10-07-2024 12:12:10,6.38,0,-6,-3.920004,-3.064939,-2.274241,0,0
10-07-2024 12:12:10,6.38,0,-6,-3.920004,-3.025113,-2.253292,0,0
10-07-2024 12:12:10,6.38,0,-6,-3.920004,-2.985286,-2.232343,0,0
10-07-2024 12:12:10,6.38,0,-6,-3.920004,-2.985286,-2.232343,0,0
10-07-2024 12:12:10,6.38,0,-6,-3.920004,-2.94546,-2.211395,0,0
10-07-2024 12:12:10,6.38,0,-6,-3.920004,-2.905633,-2.190446,0,0
10-07-2024 12:12:10,6.38,0,-6,-3.920004,-2.865806,-2.169497,0,0
10-07-2024 12:12:10,6.38,0,-6,-3.920004,-2.865806,-2.169497,0,0
10-07-2024 12:12:10,6.38,0,-6,-3.920004,-2.82598,-2.148549,0,0
10-07-2024 12:12:10,6.38,0,-6,-3.920004,-2.786153,-2.1276,0,0
10-07-2024 12:12:10,6.38,0,-6,-3.920004,-2.746326,-2.106652,0,0
10-07-2024 12:12:10,6.38,0,-6,-3.920004,-2.746326,-2.106652,0,0
10-07-2024 12:12:10,6.38,0,-6,-3.920004,-2.7065,-2.085703,0,0
10-07-2024 12:12:10,6.38,0,-6,-3.920004,-2.666673,-2.064754,0,0
10-07-2024 12:12:10,6.38,0,-6,-3.920004,-2.626847,-2.043806,0,0
10-07-2024 12:12:10,6.38,0,-6,-3.920004,-2.626847,-2.043806,0,0
10-07-2024 12:12:10,6.38,0,-6,-3.920004,-2.58702,-2.022857,0,0
10-07-2024 12:12:10,6.38,0,-6,-3.920004,-2.547193,-2.001908,0,0
10-07-2024 12:12:10,6.38,0,-6,-3.920004,-2.507367,-1.98096,0,0
10-07-2024 12:12:10,6.38,0,-6,-3.920004,-2.46754,-1.960011,0,0
10-07-2024 12:12:11,6.38,0,-6,-3.920004,-2.427713,-1.939062,0,0
10-07-2024 12:12:11,6.38,0,-6,-3.920004,-2.427713,-1.939062,0,0
10-07-2024 12:12:11,6.38,0,-6,-3.920004,-2.387887,-1.918114,0,0
10-07-2024 12:12:11,6.38,0,-6,-3.920004,-2.34806,-1.897165,0,0
10-07-2024 12:12:11,6.38,0,-6,-3.920004,-2.308233,-1.876216,0,0
10-07-2024 12:12:11,6.38,0,-6,-3.920004,-2.268407,-1.855268,0,0
10-07-2024 12:12:11,6.38,0,-6,-3.920004,-2.268407,-1.855268,0,0
10-07-2024 12:12:11,6.38,0,-6,-3.920004,-2.22858,-1.834319,0,0
10-07-2024 12:12:11,6.38,0,-6,-3.920004,-2.188754,-1.81337,0,0
10-07-2024 12:12:11,6.38,0,-6,-3.920004,-2.148927,-1.792422,0,0
10-07-2024 12:12:11,6.38,0,-6,-3.920004,-2.1091,-1.771473,0,0
10-07-2024 12:12:11,6.38,0,-6,-3.920004,-2.1091,-1.771473,0,0
10-07-2024 12:12:11,6.38,0,-6,-3.920004,-2.069274,-1.750525,0,0
10-07-2024 12:12:11,6.38,0,-6,-3.920004,-2.029447,-1.729576,0,0
10-07-2024 12:12:11,6.38,0,-6,-3.920004,-1.989621,-1.708627,0,0
10-07-2024 12:12:11,6.38,0,-6,-3.920004,-1.989621,-1.708627,0,0
10-07-2024 12:12:11,6.38,0,-6,-3.920004,-1.949794,-1.687679,0,0
10-07-2024 12:12:11,6.38,0,-6,-3.920004,-1.909968,-1.66673,0,0
10-07-2024 12:12:11,6.38,0,-6,-3.920004,-1.870141,-1.645781,0,0
10-07-2024 12:12:11,6.38,0,-6,-3.920004,-1.830315,-1.624833,0,0
10-07-2024 12:12:11,6.38,0,-6,-3.920004,-1.830315,-1.624833,0,0
10-07-2024 12:12:11,6.38,0,-6,-3.920004,-1.790488,-1.603884,0,0
10-07-2024 12:12:11,6.38,0,-6,-3.920004,-1.750661,-1.582935,0,0
10-07-2024 12:12:11,6.38,0,-6,-3.920004,-1.710835,-1.561987,0,0
10-07-2024 12:12:11,6.38,0,-6,-3.920004,-1.710835,-1.561987,0,0
10-07-2024 12:12:11,6.38,0,-6,-3.920004,-1.671008,-1.541038,0,0
10-07-2024 12:12:11,6.38,0,-6,-3.920004,-1.631182,-1.520089,0,0
10-07-2024 12:12:11,6.38,0,-6,-3.920004,-1.631182,-1.520089,0,0
10-07-2024 12:12:11,6.38,0,-6,-3.920004,-1.591355,-1.499141,0,0
10-07-2024 12:12:11,6.38,0,-6,-3.920004,-1.551529,-1.478192,0,0
10-07-2024 12:12:11,6.38,0,-6,-3.920004,-1.511702,-1.457243,0,0
10-07-2024 12:12:11,6.38,0,-6,-3.920004,-1.511702,-1.457243,0,0
10-07-2024 12:12:11,6.38,0,-6,-3.920004,-1.471876,-1.436295,0,0
10-07-2024 12:12:11,6.38,0,-6,-3.920004,-1.432049,-1.415346,0,0
10-07-2024 12:12:11,6.38,0,-6,-3.920004,-1.432049,-1.415346,0,0
10-07-2024 12:12:11,6.38,0,-6,-3.920004,-1.392223,-1.394397,0,0
10-07-2024 12:12:11,6.38,0,-6,-3.920004,-1.352396,-1.373449,0,0
10-07-2024 12:12:11,6.38,0,-6,-3.920004,-1.31257,-1.3525,0,0
10-07-2024 12:12:11,6.38,0,-6,-3.920004,-1.31257,-1.3525,0,0
10-07-2024 12:12:11,6.38,0,-6,-3.920004,-1.272743,-1.331552,0,0
10-07-2024 12:12:11,6.38,0,-6,-3.920004,-1.232917,-1.310603,0,0
10-07-2024 12:12:11,6.38,0,-6,-3.920004,-1.232917,-1.310603,0,0
10-07-2024 12:12:11,6.38,0,-6,-3.920004,-1.19309,-1.289654,0,0
10-07-2024 12:12:11,6.38,0,-6,-3.920004,-1.153264,-1.268706,0,0
10-07-2024 12:12:11,6.38,0,-6,-3.920004,-1.113437,-1.247757,0,0
10-07-2024 12:12:11,6.38,0,-6,-3.920004,-1.113437,-1.247757,0,0
10-07-2024 12:12:11,6.38,0,-6,-3.920004,-1.073611,-1.226808,0,0
10-07-2024 12:12:11,6.38,0,-6,-3.920004,-1.033784,-1.20586,0,0
10-07-2024 12:12:11,6.38,0,-6,-3.920004,-1.033784,-1.20586,0,0
10-07-2024 12:12:11,6.38,0,-6,-3.920004,-0.9939578,-1.184911,0,0
10-07-2024 12:12:11,6.38,0,-6,-3.920004,-0.9541312,-1.163962,0,0
10-07-2024 12:12:11,6.38,0,-6,-3.920004,-0.9541312,-1.163962,0,0
10-07-2024 12:12:11,6.38,0,-6,-3.920004,-0.9143047,-1.143014,0,0
10-07-2024 12:12:11,6.38,0,-6,-3.920004,-0.8744782,-1.122065,0,0
10-07-2024 12:12:11,6.38,0,-6,-3.920004,-0.8346517,-1.101116,0,0
10-07-2024 12:12:11,6.38,0,-6,-3.920004,-0.8346517,-1.101116,0,0
10-07-2024 12:12:11,6.38,0,-6,-3.920004,-0.7948252,-1.080168,0,0
10-07-2024 12:12:11,6.38,0,-6,-3.920004,-0.7549987,-1.059219,0,0
10-07-2024 12:12:11,6.38,0,-6,-3.920004,-0.7151722,-1.03827,0,0
10-07-2024 12:12:11,6.38,0,-6,-3.920004,-0.7151722,-1.03827,0,0
10-07-2024 12:12:11,6.38,0,-6,-3.920004,-0.6753457,-1.017322,0,0
10-07-2024 12:12:11,6.38,0,-6,-3.920004,-0.6355191,-0.9963731,0,0
10-07-2024 12:12:11,6.38,0,-6,-3.920004,-0.6355191,-0.9963731,0,0
10-07-2024 12:12:11,6.38,0,-6,-3.920004,-0.5956926,-0.9754244,0,0
10-07-2024 12:12:11,6.38,0,-6,-3.920004,-0.5558661,-0.9544757,0,0
10-07-2024 12:12:11,6.38,0,-6,-3.920004,-0.5558661,-0.9544757,0,0
10-07-2024 12:12:11,6.38,0,-6,-3.920004,-0.5160396,-0.933527,0,0
10-07-2024 12:12:11,6.38,0,-6,-3.920004,-0.4762131,-0.9125783,0,0
10-07-2024 12:12:12,6.38,0,-6,-3.920004,-0.4762131,-0.9125783,0,0
10-07-2024 12:12:12,6.38,0,-6,-3.920004,-0.4363866,-0.8916296,0,0
10-07-2024 12:12:12,6.38,0,-6,-3.920004,-0.3965601,-0.8706809,0,0
10-07-2024 12:12:12,6.38,0,-6,-3.920004,-0.3567336,-0.8497322,0,0
10-07-2024 12:12:12,6.38,0,-6,-3.920004,-0.3567336,-0.8497322,0,0
10-07-2024 12:12:12,6.38,0,-6,-3.920004,-0.316907,-0.8287835,0,0
10-07-2024 12:12:12,6.38,0,-6,-3.920004,-0.2770805,-0.8078347,0,0
10-07-2024 12:12:12,6.38,0,-6,-3.920004,-0.2770805,-0.8078347,0,0
10-07-2024 12:12:12,6.38,0,-6,-3.920004,-0.237254,-0.786886,0,0
10-07-2024 12:12:12,6.38,0,-6,-3.920004,-0.1974275,-0.7659373,0,0
10-07-2024 12:12:12,6.38,0,-6,-3.920004,-0.1974275,-0.7659373,0,0
10-07-2024 12:12:12,6.38,0,-6,-3.920004,-0.157601,-0.7449886,0,0
10-07-2024 12:12:12,6.38,0,-6,-3.920004,-0.1177744,-0.7240399,0,0
10-07-2024 12:12:12,6.38,0,-6,-3.920004,-0.0779479,-0.7030912,0,0
10-07-2024 12:12:12,6.38,0,-6,-3.920004,-0.0779479,-0.7030912,0,0
10-07-2024 12:12:12,6.38,0,-6,-3.920004,-0.03812137,-0.6821425,0,0
10-07-2024 12:12:12,6.38,0,-6,-3.920004,0.001705155,-0.6611938,0,0
10-07-2024 12:12:12,6.38,0,-6,-3.920004,0.001705155,-0.6611938,0,0
10-07-2024 12:12:12,6.38,0,-6,-3.920004,0.04153168,-0.6402451,0,0
10-07-2024 12:12:12,6.38,0,-6,-3.920004,0.08135821,-0.6192964,0,0
10-07-2024 12:12:12,6.38,0,-6,-3.920004,0.08135821,-0.6192964,0,0
10-07-2024 12:12:12,6.38,0,-6,-3.920004,0.1211847,-0.5983477,0,0
10-07-2024 12:12:12,6.38,0,-6,-3.920004,0.1610113,-0.577399,0,0
10-07-2024 12:12:12,6.38,0,-6,-3.920004,0.2008378,-0.5564502,0,0
10-07-2024 12:12:12,6.38,0,-6,-3.920004,0.2008378,-0.5564502,0,0
10-07-2024 12:12:12,6.38,0,-6,-3.920004,0.2406643,-0.5355015,0,0
10-07-2024 12:12:12,6.38,0,-6,-3.920004,0.2804908,-0.5145528,0,0
10-07-2024 12:12:12,6.38,0,-6,-3.920004,0.2804908,-0.5145528,0,0
10-07-2024 12:12:12,6.38,0,-6,-3.920004,0.3203174,-0.4936041,0,0
10-07-2024 12:12:12,6.38,0,-6,-3.920004,0.3601439,-0.4726554,0,0
10-07-2024 12:12:12,6.38,0,-6,-3.920004,0.3601439,-0.4726554,0,0
10-07-2024 12:12:12,6.38,0,-6,-3.920004,0.3999704,-0.4517067,0,0
10-07-2024 12:12:12,6.38,0,-6,-3.920004,0.4397969,-0.430758,0,0
10-07-2024 12:12:12,6.38,0,-6,-3.920004,0.4397969,-0.430758,0,0
10-07-2024 12:12:12,6.38,0,-6,-3.920004,0.4796234,-0.4098093,0,0
10-07-2024 12:12:12,6.38,0,-6,-3.920004,0.5194499,-0.3888606,0,0
10-07-2024 12:12:12,6.38,0,-6,-3.920004,0.5592765,-0.3679119,0,0
10-07-2024 12:12:12,6.38,0,-6,-3.920004,0.5592765,-0.3679119,0,0
10-07-2024 12:12:12,6.38,0,-6,-3.920004,0.599103,-0.3469632,0,0
10-07-2024 12:12:12,6.38,0,-6,-3.920004,0.6389295,-0.3260145,0,0
10-07-2024 12:12:12,6.38,0,-6,-3.920004,0.6389295,-0.3260145,0,0
10-07-2024 12:12:12,6.38,0,-6,-3.920004,0.678756,-0.3050658,0,0
10-07-2024 12:12:12,6.38,0,-6,-3.920004,0.7185825,-0.284117,0,0
10-07-2024 12:12:12,6.38,0,-6,-3.920004,0.7185825,-0.284117,0,0
10-07-2024 12:12:12,6.38,0,-6,-3.920004,0.758409,-0.2631683,0,0
10-07-2024 12:12:12,6.38,0,-6,-3.920004,0.7982355,-0.2422196,0,0
10-07-2024 12:12:12,6.38,0,-6,-3.920004,0.838062,-0.2212709,0,0
10-07-2024 12:12:12,6.38,0,-6,-3.920004,0.838062,-0.2212709,0,0
10-07-2024 12:12:12,6.38,0,-6,-3.920004,0.8778886,-0.2003222,0,0
10-07-2024 12:12:12,6.38,0,-6,-3.920004,0.9177151,-0.1793735,0,0
10-07-2024 12:12:12,6.38,0,-6,-3.920004,0.9177151,-0.1793735,0,0
10-07-2024 12:12:12,6.38,0,-6,-3.920004,0.9575416,-0.1584248,0,0
10-07-2024 12:12:12,6.38,0,-6,-3.920004,0.9973681,-0.1374761,0,0
10-07-2024 12:12:12,6.38,0,-6,-3.920004,0.9973681,-0.1374761,0,0
10-07-2024 12:12:12,6.38,0,-6,-3.920004,1.037195,-0.1165274,0,0
10-07-2024 12:12:12,6.38,0,-6,-3.920004,1.077021,-0.09557869,0,0
10-07-2024 12:12:12,6.38,0,-6,-3.920004,1.077021,-0.09557869,0,0
10-07-2024 12:12:12,6.38,0,-6,-3.920004,1.116848,-0.07462998,0,0
10-07-2024 12:12:12,6.38,0,-6,-3.920004,1.156674,-0.05368128,0,0
10-07-2024 12:12:12,6.38,0,-6,-3.920004,1.196501,-0.03273258,0,0
10-07-2024 12:12:12,6.38,0,-6,-3.920004,1.236327,-0.01178388,0,0
10-07-2024 12:12:12,6.38,0,-6,-3.920004,1.236327,-0.01178388,0,0
10-07-2024 12:12:12,6.38,0,-6,-3.920004,1.276154,0.009164818,0,0
10-07-2024 12:12:12,6.38,0,-6,-3.920004,1.31598,0.03011352,0,0
10-07-2024 12:12:12,6.38,0,-6,-3.920004,1.31598,0.03011352,0,0
10-07-2024 12:12:12,6.38,0,-6,-3.920004,1.355807,0.05106222,0,0
10-07-2024 12:12:12,6.38,0,-6,-3.920004,1.395633,0.07201092,0,0
10-07-2024 12:12:12,6.38,0,-6,-3.920004,1.395633,0.07201092,0,0
10-07-2024 12:12:12,6.38,0,-6,-3.920004,1.43546,0.09295962,0,0
10-07-2024 12:12:12,6.38,0,-6,-3.920004,1.475286,0.1139083,0,0
10-07-2024 12:12:12,6.38,0,-6,-3.920004,1.475286,0.1139083,0,0
10-07-2024 12:12:12,6.38,0,-6,-3.920004,1.515113,0.134857,0,0
10-07-2024 12:12:13,6.38,0,-6,-3.920004,1.554939,0.1558057,0,0
10-07-2024 12:12:13,6.38,0,-6,-3.920004,1.594766,0.1767544,0,0
10-07-2024 12:12:13,6.38,0,-6,-3.920004,1.594766,0.1767544,0,0
10-07-2024 12:12:13,6.38,0,-6,-3.920004,1.634592,0.1977032,0,0
10-07-2024 12:12:13,6.38,0,-6,-3.920004,1.674419,0.2186519,0,0
10-07-2024 12:12:13,6.38,0,-6,-3.920004,1.674419,0.2186519,0,0
10-07-2024 12:12:13,6.38,0,-6,-3.920004,1.714245,0.2396006,0,0
10-07-2024 12:12:13,6.38,0,-6,-3.920004,1.754072,0.2605493,0,0
10-07-2024 12:12:13,6.38,0,-6,-3.920004,1.793898,0.281498,0,0
10-07-2024 12:12:13,6.38,0,-6,-3.920004,1.793898,0.281498,0,0
10-07-2024 12:12:13,6.38,0,-6,-3.920004,1.833725,0.3024467,0,0
10-07-2024 12:12:13,6.38,0,-6,-3.920004,1.873551,0.3233954,0,0
10-07-2024 12:12:13,6.38,0,-6,-3.920004,1.873551,0.3233954,0,0
10-07-2024 12:12:13,6.38,0,-6,-3.920004,1.913378,0.3443441,0,0
10-07-2024 12:12:13,6.38,0,-6,-3.920004,1.953204,0.3652928,0,0
10-07-2024 12:12:13,6.38,0,-6,-3.920004,1.953204,0.3652928,0,0
10-07-2024 12:12:13,6.38,0,-6,-3.920004,1.993031,0.3862415,0,0
10-07-2024 12:12:13,6.38,0,-6,-3.920004,2.032857,0.4071902,0,0
10-07-2024 12:12:13,6.38,0,-6,-3.920004,2.032857,0.4071902,0,0
10-07-2024 12:12:13,6.38,0,-6,-3.920004,2.072684,0.4281389,0,0
10-07-2024 12:12:13,6.38,0,-6,-3.920004,2.112511,0.4490876,0,0
10-07-2024 12:12:13,6.38,0,-6,-3.920004,2.152337,0.4700364,0,0
10-07-2024 12:12:13,6.38,0,-6,-3.920004,2.152337,0.4700364,0,0
10-07-2024 12:12:13,6.38,0,-6,-3.920004,2.192164,0.4909851,0,0
10-07-2024 12:12:13,6.38,0,-6,-3.920004,2.231991,0.5119337,0,0
10-07-2024 12:12:13,6.38,0,-6,-3.920004,2.231991,0.5119337,0,0
10-07-2024 12:12:13,6.38,0,-6,-3.920004,2.271817,0.5328825,0,0
10-07-2024 12:12:13,6.38,0,-6,-3.920004,2.311644,0.5538312,0,0
10-07-2024 12:12:13,6.38,0,-6,-3.920004,2.311644,0.5538312,0,0
10-07-2024 12:12:13,6.38,0,-6,-3.920004,2.35147,0.5747799,0,0
10-07-2024 12:12:13,6.38,0,-6,-3.920004,2.391297,0.5957286,0,0
10-07-2024 12:12:13,6.38,0,-6,-3.920004,2.431124,0.6166773,0,0
10-07-2024 12:12:13,6.38,0,-6,-3.920004,2.431124,0.6166773,0,0
10-07-2024 12:12:13,6.38,0,-6,-3.920004,2.47095,0.637626,0,0
10-07-2024 12:12:13,6.38,0,-6,-3.920004,2.510777,0.6585747,0,0
10-07-2024 12:12:13,6.38,0,-6,-3.920004,2.510777,0.6585747,0,0
10-07-2024 12:12:13,6.38,0,-6,-3.920004,2.550604,0.6795234,0,0
10-07-2024 12:12:13,6.38,0,-6,-3.920004,2.59043,0.7004721,0,0
10-07-2024 12:12:13,6.38,0,-6,-3.920004,2.59043,0.7004721,0,0
10-07-2024 12:12:13,6.38,0,-6,-3.920004,2.630257,0.7214208,0,0
10-07-2024 12:12:13,6.38,0,-6,-3.920004,2.670084,0.7423695,0,0
10-07-2024 12:12:13,6.38,0,-6,-3.920004,2.70991,0.7633182,0,0
10-07-2024 12:12:13,6.38,0,-6,-3.920004,2.70991,0.7633182,0,0
10-07-2024 12:12:13,6.38,0,-6,-3.920004,2.749737,0.7842669,0,0
10-07-2024 12:12:13,6.38,0,-6,-3.920004,2.789563,0.8052157,0,0
10-07-2024 12:12:13,6.38,0,-6,-3.920004,2.789563,0.8052157,0,0
10-07-2024 12:12:13,6.38,0,-6,-3.920004,2.82939,0.8261644,0,0
10-07-2024 12:12:13,6.38,0,-6,-3.920004,2.869217,0.8471131,0,0
10-07-2024 12:12:13,6.38,0,-6,-3.920004,2.869217,0.8471131,0,0
10-07-2024 12:12:13,6.38,0,-6,-3.920004,2.909043,0.8680618,0,0
10-07-2024 12:12:13,6.38,0,-6,-3.920004,2.94887,0.8890105,0,0
10-07-2024 12:12:13,6.38,0,-6,-3.920004,2.988697,0.9099592,0,0
10-07-2024 12:12:13,6.38,0,-6,-3.920004,2.988697,0.9099592,0,0
10-07-2024 12:12:13,6.38,0,-6,-3.920004,3.028523,0.9309079,0,0
10-07-2024 12:12:13,6.38,0,-6,-3.920004,3.06835,0.9518566,0,0
10-07-2024 12:12:13,6.38,0,-6,-3.920004,3.06835,0.9518566,0,0
10-07-2024 12:12:13,6.38,0,-6,-3.920004,3.108176,0.9728053,0,0
10-07-2024 12:12:13,6.38,0,-6,-3.920004,3.148003,0.993754,0,0
10-07-2024 12:12:13,6.38,0,-6,-3.920004,3.148003,0.993754,0,0
10-07-2024 12:12:13,6.38,0,-6,-3.920004,3.18783,1.014703,0,0
10-07-2024 12:12:13,6.38,0,-6,-3.920004,3.227656,1.035651,0,0
10-07-2024 12:12:13,6.38,0,-6,-3.920004,3.267483,1.0566,0,0
10-07-2024 12:12:13,6.38,0,-6,-3.920004,3.267483,1.0566,0,0
10-07-2024 12:12:13,6.38,0,-6,-3.920004,3.30731,1.077549,0,0
10-07-2024 12:12:13,6.38,0,-6,-3.920004,3.347136,1.098497,0,0
10-07-2024 12:12:13,6.38,0,-6,-3.920004,3.347136,1.098497,0,0
10-07-2024 12:12:13,6.38,0,-6,-3.920004,3.386963,1.119446,0,0
10-07-2024 12:12:13,6.38,0,-6,-3.920004,3.42679,1.140395,0,0
10-07-2024 12:12:13,6.38,0,-6,-3.920004,3.466616,1.161343,0,0
10-07-2024 12:12:13,6.38,0,-6,-3.920004,3.466616,1.161343,0,0
10-07-2024 12:12:13,6.38,0,-6,-3.920004,3.506443,1.182292,0,0
10-07-2024 12:12:14,6.38,0,-6,-3.920004,3.546269,1.203241,0,0
10-07-2024 12:12:14,6.38,0,-6,-3.920004,3.546269,1.203241,0,0
10-07-2024 12:12:14,6.38,0,-6,-3.920004,3.586096,1.224189,0,0
10-07-2024 12:12:14,6.38,0,-6,-3.920004,3.625923,1.245138,0,0
10-07-2024 12:12:14,6.38,0,-6,-3.920004,3.665749,1.266086,0,0
10-07-2024 12:12:14,6.38,0,-6,-3.920004,3.665749,1.266086,0,0
10-07-2024 12:12:14,6.38,0,-6,-3.920004,3.705576,1.287035,0,0
10-07-2024 12:12:14,6.38,0,-6,-3.920004,3.745403,1.307984,0,0
10-07-2024 12:12:14,6.38,0,-6,-3.920004,3.745403,1.307984,0,0
10-07-2024 12:12:14,6.38,0,-6,-3.920004,3.785229,1.328932,0,0
10-07-2024 12:12:14,6.38,0,-6,-3.920004,3.825056,1.349881,0,0
10-07-2024 12:12:14,6.38,0,-6,-3.920004,3.864882,1.37083,0,0
10-07-2024 12:12:14,6.38,0,-6,-3.920004,3.864882,1.37083,0,0
10-07-2024 12:12:14,6.38,0,-6,-3.920004,3.904709,1.391778,0,0
10-07-2024 12:12:14,6.38,0,-6,-3.920004,3.944536,1.412727,0,0
10-07-2024 12:12:14,6.38,0,-6,-3.920004,3.984362,1.433676,0,0
10-07-2024 12:12:14,6.38,0,-6,-3.920004,3.984362,1.433676,0,0
10-07-2024 12:12:14,6.38,0,-6,-3.920004,4.024189,1.454624,0,0
10-07-2024 12:12:14,6.38,0,-6,-3.920004,4.064015,1.475573,0,0
10-07-2024 12:12:14,6.38,0,-6,-3.920004,4.103842,1.496522,0,0
10-07-2024 12:12:14,6.38,0,-6,-3.920004,4.103842,1.496522,0,0
10-07-2024 12:12:14,6.38,0,-6,-3.920004,4.143668,1.51747,0,0
10-07-2024 12:12:14,6.38,0,-6,-3.920004,4.183495,1.538419,0,0
10-07-2024 12:12:14,6.38,0,-6,-3.920004,4.223321,1.559368,0,0
10-07-2024 12:12:14,6.38,0,-6,-3.920004,4.263147,1.580316,0,0
10-07-2024 12:12:14,6.38,0,-6,-3.920004,4.263147,1.580316,0,0
10-07-2024 12:12:14,6.38,0,-6,-3.920004,4.302974,1.601265,0,0
10-07-2024 12:12:14,6.38,0,-6,-3.920004,4.3428,1.622213,0,0
10-07-2024 12:12:14,6.38,0,-6,-3.920004,4.382627,1.643162,0,0
10-07-2024 12:12:14,6.38,0,-6,-3.920004,4.422453,1.664111,0,0
10-07-2024 12:12:14,6.38,0,-6,-3.920004,4.422453,1.664111,0,0
10-07-2024 12:12:14,6.38,0,-6,-3.920004,4.462279,1.685059,0,0
10-07-2024 12:12:14,6.38,0,-6,-3.920004,4.502106,1.706008,0,0
10-07-2024 12:12:14,6.38,0,-6,-3.920004,4.541932,1.726957,0,0
10-07-2024 12:12:14,6.38,0,-6,-3.920004,4.541932,1.726957,0,0
10-07-2024 12:12:14,6.38,0,-6,-3.920004,4.581758,1.747905,0,0
10-07-2024 12:12:14,6.38,0,-6,-3.920004,4.621585,1.768854,0,0
10-07-2024 12:12:14,6.38,0,-6,-3.920004,4.661411,1.789803,0,0
10-07-2024 12:12:14,6.38,0,-6,-3.920004,4.701238,1.810751,0,0
10-07-2024 12:12:14,6.38,0,-6,-3.920004,4.701238,1.810751,0,0
10-07-2024 12:12:14,6.38,0,-6,-3.920004,4.741064,1.8317,0,0
10-07-2024 12:12:14,6.38,0,-6,-3.920004,4.78089,1.852649,0,0
10-07-2024 12:12:14,6.38,0,-6,-3.920004,4.820717,1.873597,0,0
10-07-2024 12:12:14,6.38,0,-6,-3.920004,4.820717,1.873597,0,0
10-07-2024 12:12:14,6.38,0,-6,-3.920004,4.860543,1.894546,0,0
10-07-2024 12:12:14,6.38,0,-6,-3.920004,4.90037,1.915495,0,0
10-07-2024 12:12:14,6.38,0,-6,-3.920004,4.90037,1.915495,0,0
10-07-2024 12:12:14,6.38,0,-6,-3.920004,4.940196,1.936443,0,0
10-07-2024 12:12:14,6.38,0,-6,-3.920004,4.980022,1.957392,0,0
10-07-2024 12:12:14,6.38,0,-6,-3.920004,4.980022,1.957392,0,0
10-07-2024 12:12:14,6.38,0,-6,-3.920004,5.019849,1.978341,0,0
10-07-2024 12:12:14,6.38,0,-6,-3.920004,5.059675,1.999289,0,0
10-07-2024 12:12:14,6.38,0,-6,-3.920004,5.099502,2.020238,0,0
10-07-2024 12:12:14,6.38,0,-6,-3.920004,5.099502,2.020238,0,0
10-07-2024 12:12:14,6.38,0,-6,-3.920004,5.139328,2.041187,0,0
10-07-2024 12:12:14,6.38,0,-6,-3.920004,5.179154,2.062135,0,0
10-07-2024 12:12:14,6.38,0,-6,-3.920004,5.218981,2.083084,0,0
10-07-2024 12:12:14,6.38,0,-6,-3.920004,5.218981,2.083084,0,0
10-07-2024 12:12:14,6.38,0,-6,-3.920004,5.258807,2.104033,0,0
10-07-2024 12:12:14,6.38,0,-6,-3.920004,5.298634,2.124981,0,0
10-07-2024 12:12:14,6.38,0,-6,-3.920004,5.298634,2.124981,0,0
10-07-2024 12:12:14,6.38,0,-6,-3.920004,5.33846,2.14593,0,0
10-07-2024 12:12:14,6.38,0,-6,-3.920004,5.378286,2.166878,0,0
10-07-2024 12:12:14,6.38,0,-6,-3.920004,5.418113,2.187827,0,0
10-07-2024 12:12:14,6.38,0,-6,-3.920004,5.418113,2.187827,0,0
10-07-2024 12:12:14,6.38,0,-6,-3.920004,5.457939,2.208776,0,0
10-07-2024 12:12:14,6.38,0,-6,-3.920004,5.497766,2.229724,0,0
10-07-2024 12:12:15,6.38,0,-6,-3.920004,5.497766,2.229724,0,0
10-07-2024 12:12:15,6.38,0,-6,-3.920004,5.537592,2.250673,0,0
10-07-2024 12:12:15,6.38,0,-6,-3.920004,5.577418,2.271622,0,0
10-07-2024 12:12:15,6.38,0,-6,-3.920004,5.577418,2.271622,0,0
10-07-2024 12:12:15,6.38,0,-6,-3.920004,5.617245,2.29257,0,0
10-07-2024 12:12:15,6.38,0,-6,-3.920004,5.657071,2.313519,0,0
10-07-2024 12:12:15,6.38,0,-6,-3.920004,5.657071,2.313519,0,0
10-07-2024 12:12:15,6.38,0,-6,-3.920004,5.696898,2.334468,0,0
10-07-2024 12:12:15,6.38,0,-6,-3.920004,5.736724,2.355416,0,0
10-07-2024 12:12:15,6.38,0,-6,-3.920004,5.77655,2.376365,0,0
10-07-2024 12:12:15,6.38,0,-6,-3.920004,5.77655,2.376365,0,0
10-07-2024 12:12:15,6.38,0,-6,-3.920004,5.816377,2.397314,0,0
10-07-2024 12:12:15,6.38,0,-6,-3.920004,5.856203,2.418262,0,0
10-07-2024 12:12:15,6.38,0,-6,-3.920004,5.856203,2.418262,0,0
10-07-2024 12:12:15,6.38,0,-6,-3.920004,5.896029,2.439211,0,0
10-07-2024 12:12:15,6.38,0,-6,-3.920004,5.935856,2.46016,0,0
10-07-2024 12:12:15,6.38,0,-6,-3.920004,5.935856,2.46016,0,0
10-07-2024 12:12:15,6.38,0,-6,-3.920004,5.975682,2.481108,0,0
10-07-2024 12:12:15,6.38,0,-6,-3.920004,6.015509,2.502057,0,0
10-07-2024 12:12:15,6.38,0,-6,-3.920004,6.015509,2.502057,0,0
10-07-2024 12:12:15,6.38,0,-6,-3.920004,6.055335,2.523005,0,0
10-07-2024 12:12:15,6.38,0,-6,-3.920004,6.095161,2.543954,0,0
10-07-2024 12:12:15,6.38,0,-6,-3.920004,6.134988,2.564903,0,0
10-07-2024 12:12:15,6.38,0,-6,-3.920004,6.134988,2.564903,0,0
10-07-2024 12:12:15,6.38,0,-6,-3.920004,6.174814,2.585851,0,0
10-07-2024 12:12:15,6.38,0,-6,0,0,0,0,1
10-07-2024 12:12:15,6.38,0,-6,0,-0.03,-0.03,0,1
10-07-2024 12:12:15,6.38,0,-6,0,-0.06,-0.06,0,1
10-07-2024 12:12:15,6.38,0,-6,0,-0.06,-0.06,0,1
10-07-2024 12:12:15,6.38,0,-6,0,-0.09,-0.09,0,1
10-07-2024 12:12:15,6.38,0,-6,0,-0.12,-0.12,0,1
10-07-2024 12:12:15,6.38,0,-6,0,-0.15,-0.15,0,1
10-07-2024 12:12:15,6.38,0,-6,0,-0.21,-0.21,0,1
10-07-2024 12:12:15,6.38,0,-6,0,-0.21,-0.21,0,1
10-07-2024 12:12:15,6.38,0,-6,0,-0.24,-0.24,0,1
10-07-2024 12:12:15,6.38,0,-6,0,-0.24,-0.24,0,1
10-07-2024 12:12:15,6.38,0,-6,0,-0.27,-0.27,0,1
10-07-2024 12:12:15,6.38,0,-6,0,-0.3,-0.3,0,1
10-07-2024 12:12:15,6.38,0,-6,0,-0.3,-0.3,0,1
10-07-2024 12:12:15,6.38,0,-6,-0.035,-0.33,-0.33,0,1
10-07-2024 12:12:15,6.38,0,-6,-0.035,-0.33,-0.33,0,1
10-07-2024 12:12:15,6.38,0,-6,-0.07,-0.36,-0.36,0,1
10-07-2024 12:12:15,6.38,0,-6,-0.105,-0.39,-0.39,0,1
10-07-2024 12:12:15,6.38,0,-6,-0.105,-0.39,-0.39,0,1
10-07-2024 12:12:15,6.38,0,-6,-0.14,-0.42,-0.42,0,1
10-07-2024 12:12:15,6.38,0,-6,-0.14,-0.42,-0.42,0,1
10-07-2024 12:12:15,6.38,0,-6,-0.175,-0.45,-0.45,0,1
10-07-2024 12:12:15,6.38,0,-6,-0.21,-0.48,-0.48,0,1
10-07-2024 12:12:15,6.38,0,-6,-0.21,-0.51,-0.51,0,1
10-07-2024 12:12:15,6.38,0,-6,-0.21,-0.51,-0.51,0,1
10-07-2024 12:12:15,6.38,0,-6,-0.245,-0.54,-0.54,0,1
10-07-2024 12:12:15,6.38,0,-6,-0.28,-0.5699999,-0.5699999,0,1
10-07-2024 12:12:15,6.38,0,-6,-0.315,-0.5999999,-0.5999999,0,1
10-07-2024 12:12:15,6.38,0,-6,-0.315,-0.5999999,-0.5999999,0,1
10-07-2024 12:12:15,6.38,0,-6,-0.35,-0.6299999,-0.6299999,0,1
10-07-2024 12:12:15,6.38,0,-6,-0.385,-0.6599998,-0.6599998,0,1
10-07-2024 12:12:15,6.38,0,-6,-0.42,-0.6899998,-0.6899998,0,1
10-07-2024 12:12:15,6.38,0,-6,-0.42,-0.6899998,-0.6899998,0,1
10-07-2024 12:12:15,6.38,0,-6,-0.42,-0.7199998,-0.7199998,0,1
10-07-2024 12:12:15,6.38,0,-6,-0.455,-0.7499998,-0.7499998,0,1
10-07-2024 12:12:15,6.38,0,-6,-0.49,-0.7799997,-0.7799997,0,1
10-07-2024 12:12:15,6.38,0,-6,-0.49,-0.7799997,-0.7799997,0,1
10-07-2024 12:12:15,6.38,0,-6,-0.525,-0.8099997,-0.8099997,0,1
10-07-2024 12:12:15,6.38,0,-6,-0.56,-0.8399997,-0.8399997,0,1
10-07-2024 12:12:15,6.38,0,-6,-0.595,-0.8699996,-0.8699996,0,1
10-07-2024 12:12:15,6.38,0,-6,-0.595,-0.8699996,-0.8699996,0,1
10-07-2024 12:12:15,6.38,0,-6,-0.6300001,-0.8999996,-0.8999996,0,1
10-07-2024 12:12:15,6.38,0,-6,-0.6300001,-0.9299996,-0.9299996,0,1
10-07-2024 12:12:15,6.38,0,-6,-0.6300001,-0.9299996,-0.9299996,0,1
10-07-2024 12:12:16,6.38,0,-6,-0.6650001,-0.9599996,-0.9599996,0,1
10-07-2024 12:12:16,6.38,0,-6,-0.7000001,-0.9899995,-0.9899995,0,1
10-07-2024 12:12:16,6.38,0,-6,-0.7350001,-1.02,-1.02,0,1
10-07-2024 12:12:16,6.38,0,-6,-0.7350001,-1.02,-1.02,0,1
10-07-2024 12:12:16,6.38,0,-6,-0.7700002,-1.049999,-1.049999,0,1
10-07-2024 12:12:16,6.38,0,-6,-0.8050002,-1.079999,-1.079999,0,1
10-07-2024 12:12:16,6.38,0,-6,-0.8400002,-1.109999,-1.109999,0,1
10-07-2024 12:12:16,6.38,0,-6,-0.8400002,-1.109999,-1.109999,0,1
10-07-2024 12:12:16,6.38,0,-6,-0.8400002,-1.139999,-1.139999,0,1
10-07-2024 12:12:16,6.38,0,-6,-0.8750002,-1.169999,-1.169999,0,1
10-07-2024 12:12:16,6.38,0,-6,-0.9100003,-1.199999,-1.199999,0,1
10-07-2024 12:12:16,6.38,0,-6,-0.9100003,-1.199999,-1.199999,0,1
10-07-2024 12:12:16,6.38,0,-6,-0.9450003,-1.229999,-1.229999,0,1
10-07-2024 12:12:16,6.38,0,-6,-0.9800003,-1.259999,-1.259999,0,1
10-07-2024 12:12:16,6.38,0,-6,-1.015,-1.289999,-1.289999,0,1
10-07-2024 12:12:16,6.38,0,-6,-1.015,-1.289999,-1.289999,0,1
10-07-2024 12:12:16,6.38,0,-6,-1.05,-1.319999,-1.319999,0,1
10-07-2024 12:12:16,6.38,0,-6,-1.05,-1.349999,-1.349999,0,1
10-07-2024 12:12:16,6.38,0,-6,-1.085,-1.379999,-1.379999,0,1
10-07-2024 12:12:16,6.38,0,-6,-1.085,-1.379999,-1.379999,0,1
10-07-2024 12:12:16,6.38,0,-6,-1.12,-1.409999,-1.409999,0,1
10-07-2024 12:12:16,6.38,0,-6,-1.155,-1.439999,-1.439999,0,1
10-07-2024 12:12:16,6.38,0,-6,-1.155,-1.439999,-1.439999,0,1
10-07-2024 12:12:16,6.38,0,-6,-1.19,-1.469999,-1.469999,0,1
10-07-2024 12:12:16,6.38,0,-6,-1.225,-1.499999,-1.499999,0,1
10-07-2024 12:12:16,6.38,0,-6,-1.26,-1.529999,-1.529999,0,1
10-07-2024 12:12:16,6.38,0,-6,-1.26,-1.529999,-1.529999,0,1
10-07-2024 12:12:16,6.38,0,-6,-1.26,-1.559999,-1.559999,0,1
10-07-2024 12:12:16,6.38,0,-6,-1.295,-1.589999,-1.589999,0,1
10-07-2024 12:12:16,6.38,0,-6,-1.295,-1.589999,-1.589999,0,1
10-07-2024 12:12:16,6.38,0,-6,-1.33,-1.619999,-1.619999,0,1
10-07-2024 12:12:16,6.38,0,-6,-1.365,-1.649999,-1.649999,0,1
10-07-2024 12:12:16,6.38,0,-6,-1.365,-1.649999,-1.649999,0,1
10-07-2024 12:12:16,6.38,0,-6,-1.4,-1.679999,-1.679999,0,1
10-07-2024 12:12:16,6.38,0,-6,-1.435,-1.709999,-1.709999,0,1
10-07-2024 12:12:16,6.38,0,-6,-1.47,-1.739999,-1.739999,0,1
10-07-2024 12:12:16,6.38,0,-6,-1.47,-1.739999,-1.739999,0,1
10-07-2024 12:12:16,6.38,0,-6,-1.47,-1.769999,-1.769999,0,1
10-07-2024 12:12:16,6.38,0,-6,-1.505,-1.799999,-1.799999,0,1
10-07-2024 12:12:16,6.38,0,-6,-1.505,-1.799999,-1.799999,0,1
10-07-2024 12:12:16,6.38,0,-6,-1.54,-1.829999,-1.829999,0,1
10-07-2024 12:12:16,6.38,0,-6,-1.575,-1.859999,-1.859999,0,1
10-07-2024 12:12:16,6.38,0,-6,-1.61,-1.889999,-1.889999,0,1
10-07-2024 12:12:16,6.38,0,-6,-1.61,-1.889999,-1.889999,0,1
10-07-2024 12:12:16,6.38,0,-6,-1.645,-1.919999,-1.919999,0,1
10-07-2024 12:12:16,6.38,0,-6,-1.68,-1.949999,-1.949999,0,1
10-07-2024 12:12:16,6.38,0,-6,-1.68,-1.979999,-1.979999,0,1
10-07-2024 12:12:16,6.38,0,-6,-1.68,-1.979999,-1.979999,0,1
10-07-2024 12:12:16,6.38,0,-6,-1.715,-2.009999,-2.009999,0,1
10-07-2024 12:12:16,6.38,0,-6,-1.75,-2.039999,-2.039999,0,1
10-07-2024 12:12:16,6.38,0,-6,-1.785,-2.069999,-2.069999,0,1
10-07-2024 12:12:16,6.38,0,-6,-1.785,-2.069999,-2.069999,0,1
10-07-2024 12:12:16,6.38,0,-6,-1.82,-2.099998,-2.099998,0,1
10-07-2024 12:12:16,6.38,0,-6,-1.855,-2.129998,-2.129998,0,1
10-07-2024 12:12:16,6.38,0,-6,-1.855,-2.129998,-2.129998,0,1
10-07-2024 12:12:16,6.38,0,-6,-1.89,-2.159998,-2.159998,0,1
10-07-2024 12:12:16,6.38,0,-6,-1.89,-2.189998,-2.189998,0,1
10-07-2024 12:12:16,6.38,0,-6,-1.89,-2.189998,-2.189998,0,1
10-07-2024 12:12:16,6.38,0,-6,-1.924999,-2.219998,-2.219998,0,1
10-07-2024 12:12:16,6.38,0,-6,-1.959999,-2.249998,-2.249998,0,1
10-07-2024 12:12:16,6.38,0,-6,-1.959999,-2.249998,-2.249998,0,1
10-07-2024 12:12:16,6.38,0,-6,-1.994999,-2.279998,-2.279998,0,1
10-07-2024 12:12:16,6.38,0,-6,-2.029999,-2.309998,-2.309998,0,1
10-07-2024 12:12:16,6.38,0,-6,-2.029999,-2.309998,-2.309998,0,1
10-07-2024 12:12:16,6.38,0,-6,-2.065,-2.339998,-2.339998,0,1
10-07-2024 12:12:16,6.38,0,-6,-2.1,-2.369998,-2.369998,0,1
10-07-2024 12:12:16,6.38,0,-6,-2.1,-2.399998,-2.399998,0,1
10-07-2024 12:12:16,6.38,0,-6,-2.1,-2.399998,-2.399998,0,1
10-07-2024 12:12:16,6.38,0,-6,-2.135,-2.429998,-2.429998,0,1
10-07-2024 12:12:16,6.38,0,-6,-2.17,-2.459998,-2.459998,0,1
10-07-2024 12:12:17,6.38,0,-6,-2.17,-2.459998,-2.459998,0,1
10-07-2024 12:12:17,6.38,0,-6,-2.205,-2.489998,-2.489998,0,1
10-07-2024 12:12:17,6.38,0,-6,-2.24,-2.519998,-2.519998,0,1
10-07-2024 12:12:17,6.38,0,-6,-2.275,-2.549998,-2.549998,0,1
10-07-2024 12:12:17,6.38,0,-6,-2.275,-2.549998,-2.549998,0,1
10-07-2024 12:12:17,6.38,0,-6,-2.31,-2.579998,-2.579998,0,1
10-07-2024 12:12:17,6.38,0,-6,-2.31,-2.609998,-2.609998,0,1
10-07-2024 12:12:17,6.38,0,-6,-2.31,-2.609998,-2.609998,0,1
10-07-2024 12:12:17,6.38,0,-6,-2.345,-2.639998,-2.639998,0,1
10-07-2024 12:12:17,6.38,0,-6,-2.38,-2.669998,-2.669998,0,1
10-07-2024 12:12:17,6.38,0,-6,-2.415,-2.699998,-2.699998,0,1
10-07-2024 12:12:17,6.38,0,-6,-2.415,-2.699998,-2.699998,0,1
10-07-2024 12:12:17,6.38,0,-6,-2.450001,-2.729998,-2.729998,0,1
10-07-2024 12:12:17,6.38,0,-6,-2.485001,-2.759998,-2.759998,0,1
10-07-2024 12:12:17,6.38,0,-6,-2.485001,-2.759998,-2.759998,0,1
10-07-2024 12:12:17,6.38,0,-6,-2.520001,-2.789998,-2.789998,0,1
10-07-2024 12:12:17,6.38,0,-6,-2.520001,-2.819998,-2.819998,0,1
10-07-2024 12:12:17,6.38,0,-6,-2.520001,-2.819998,-2.819998,0,1
10-07-2024 12:12:17,6.38,0,-6,-2.555001,-2.849998,-2.849998,0,1
10-07-2024 12:12:17,6.38,0,-6,-2.590001,-2.879998,-2.879998,0,1
10-07-2024 12:12:17,6.38,0,-6,-2.590001,-2.879998,-2.879998,0,1
10-07-2024 12:12:17,6.38,0,-6,-2.625001,-2.909998,-2.909998,0,1
10-07-2024 12:12:17,6.38,0,-6,-2.660001,-2.939998,-2.939998,0,1
10-07-2024 12:12:17,6.38,0,-6,-2.695001,-2.969998,-2.969998,0,1
10-07-2024 12:12:17,6.38,0,-6,-2.695001,-2.969998,-2.969998,0,1
10-07-2024 12:12:17,6.38,0,-6,-2.730001,-2.999998,-2.999998,0,1
10-07-2024 12:12:17,6.38,0,-6,-2.730001,-3.029998,-3.029998,0,1
10-07-2024 12:12:17,6.38,0,-6,-2.730001,-3.029998,-3.029998,0,1
10-07-2024 12:12:17,6.38,0,-6,-2.765001,-3.059998,-3.059998,0,1
10-07-2024 12:12:17,6.38,0,-6,-2.800001,-3.089998,-3.089998,0,1
10-07-2024 12:12:17,6.38,0,-6,-2.800001,-3.089998,-3.089998,0,1
10-07-2024 12:12:17,6.38,0,-6,-2.835001,-3.119998,-3.119998,0,1
10-07-2024 12:12:17,6.38,0,-6,-2.870002,-3.149997,-3.149997,0,1
10-07-2024 12:12:17,6.38,0,-6,-2.905002,-3.179997,-3.179997,0,1
10-07-2024 12:12:17,6.38,0,-6,-2.905002,-3.179997,-3.179997,0,1
10-07-2024 12:12:17,6.38,0,-6,-2.940002,-3.209997,-3.209997,0,1
10-07-2024 12:12:17,6.38,0,-6,-2.940002,-3.239997,-3.239997,0,1
10-07-2024 12:12:17,6.38,0,-6,-2.940002,-3.239997,-3.239997,0,1
10-07-2024 12:12:17,6.38,0,-6,-2.975002,-3.269997,-3.269997,0,1
10-07-2024 12:12:17,6.38,0,-6,-3.010002,-3.299997,-3.299997,0,1
